feature,source_kind,semantic_type,observed_training,observed_validation,nonresponse_training,nonresponse_validation,blank_training,blank_validation,status,metric,imputer_score,baseline_score,balanced_accuracy,baseline_balanced_accuracy,macro_f1,baseline_macro_f1
GENHLTH,core_survey,ordinal,174535,87262,468,241,2,0,evaluated,exact_accuracy_higher_is_better,0.39932616717471525,0.3322752171621095,0.3710563198478968,0.2,0.3743419783041845,0.09976173477726072
PHYSHLTH,core_survey,count,171123,85700,3881,1803,1,0,evaluated,exact_accuracy_higher_is_better,0.6476312718786464,0.6355425904317387,0.05425503226053953,0.03225806451612903,0.044485331003477985,0.02506981353445891
MENTHLTH,core_survey,count,172104,86105,2901,1398,0,0,evaluated,exact_accuracy_higher_is_better,0.6764183264618779,0.6941757156959526,0.04419702634082131,0.03225806451612903,0.036730441216506995,0.026434997048994213
POORHLTH,core_survey,count,87698,43943,1902,943,85405,42617,evaluated,exact_accuracy_higher_is_better,0.5631158546298614,0.5673486107002252,0.05061883338171188,0.03225806451612903,0.03855071482648491,0.023353538532729708
HLTHPLN1,core_survey,binary,174324,87145,681,358,0,0,evaluated,exact_accuracy_higher_is_better,0.9049400424579723,0.9271329393539504,0.6197126927145742,0.5,0.6268330869101811,0.4810944384899369
PERSDOC2,core_survey,categorical,174315,87133,690,370,0,0,evaluated,exact_accuracy_higher_is_better,0.7574856828067437,0.7778683162521662,0.43710436761988003,0.3333333333333333,0.42200162971426414,0.2916857636535387
MEDCOST,core_survey,binary,174533,87308,472,194,0,1,evaluated,exact_accuracy_higher_is_better,0.8692445136757228,0.9019906537774316,0.5993982046809352,0.5,0.6057119533592099,0.4742350610325246
CHECKUP1,core_survey,ordinal,172641,86299,2364,1203,0,1,evaluated,exact_accuracy_higher_is_better,0.7147475637029398,0.747424651502335,0.24026238761634744,0.2,0.24340886660164865,0.17109170363591752
BPHIGH4,core_survey,categorical,174523,87228,482,275,0,0,evaluated,exact_accuracy_higher_is_better,0.7059545100197184,0.5792062181868207,0.36154821789661223,0.25,0.3626925244959511,0.18338523858266
BPMEDS,core_survey,binary,70200,35112,115,54,104690,52337,evaluated,exact_accuracy_higher_is_better,0.8312542720437457,0.8384028252449305,0.6539441682312644,0.5,0.6649048566045765,0.4560495739736638
BLOODCHO,core_survey,categorical,171266,85650,3739,1853,0,0,evaluated,exact_accuracy_higher_is_better,0.8753181552831291,0.8847518972562756,0.7042397469057649,0.5,0.700240797175253,0.46942618736410435
CHOLCHK,core_survey,ordinal,149448,74616,2285,1163,23272,11724,evaluated,exact_accuracy_higher_is_better,0.7353784711053929,0.7787605875415461,0.28598396773959955,0.25,0.2802702195845711,0.21890539766733974
TOLDHI2,core_survey,binary,150353,75097,1380,682,23272,11724,evaluated,exact_accuracy_higher_is_better,0.6618506731294193,0.5780390694701519,0.6547836872719408,0.5,0.6543327031494229,0.36630212816228713
CVDSTRK3,core_survey,binary,174627,87310,378,193,0,0,evaluated,exact_accuracy_higher_is_better,0.9015347611957393,0.959741152216241,0.6417983517826179,0.5,0.5872575008202938,0.4897285292656556
ASTHMA3,core_survey,categorical,174476,87225,529,278,0,0,evaluated,exact_accuracy_higher_is_better,0.8467641157924907,0.8647291487532244,0.550776237129558,0.5,0.5595298898978334,0.46372908866222773
ASTHNOW,core_survey,binary,22673,11440,709,359,151623,75704,evaluated,exact_accuracy_higher_is_better,0.6583041958041959,0.686013986013986,0.5960548585712048,0.5,0.5973521107753323,0.4068851099128992
CHCSCNCR,core_survey,binary,174578,87271,426,232,1,0,evaluated,exact_accuracy_higher_is_better,0.8643421067708632,0.9057304259146796,0.5789188375230104,0.5,0.5827468359297734,0.47526681297537804
CHCOCNCR,core_survey,binary,174649,87313,356,190,0,0,evaluated,exact_accuracy_higher_is_better,0.8390159540961827,0.9009196797727715,0.5739263529425962,0.5,0.5702938752491289,0.4739388462117789
CHCCOPD1,core_survey,binary,174164,87104,841,399,0,0,evaluated,exact_accuracy_higher_is_better,0.868088721528288,0.9219324026451139,0.6880527817821689,0.5,0.6431077757554532,0.4796903373793367
HAVARTH3,core_survey,binary,173984,87023,1020,480,1,0,evaluated,exact_accuracy_higher_is_better,0.7228204038012939,0.662525998873861,0.6997593653420986,0.5,0.6957264007830744,0.39850564702304425
ADDEPEV2,core_survey,binary,174210,87142,795,361,0,0,evaluated,exact_accuracy_higher_is_better,0.799820981845723,0.8106079731931789,0.6215757417297263,0.5,0.6340333584335395,0.44769932817847635
CHCKIDNY,core_survey,binary,174484,87234,521,269,0,0,evaluated,exact_accuracy_higher_is_better,0.9201572781255015,0.9651512025127817,0.6054211732802562,0.5,0.5735453086248938,0.4911333037776793
DIABETE3,core_survey,categorical,174749,87392,254,109,2,2,evaluated,exact_accuracy_higher_is_better,0.8049707067008421,0.8449171548883193,0.3496562241021138,0.25,0.3370196519575046,0.22898512072740354
DIABAGE2,core_survey,count,21062,10598,1444,765,152499,76140,evaluated,exact_accuracy_higher_is_better,0.09747122098509153,0.08973391205887904,0.030411845756728343,0.010638297872340425,0.027604763324511367,0.001752016845890682
MARITAL,core_survey,categorical,173810,86897,1195,606,0,0,evaluated,exact_accuracy_higher_is_better,0.5934612242079703,0.5325730462501582,0.3629568722146726,0.16666666666666666,0.35685680871557773,0.11583418433751828
EDUCA,core_survey,ordinal,174332,87142,673,361,0,0,evaluated,exact_accuracy_higher_is_better,0.45227330104886276,0.36789378256179567,0.2840206077967795,0.16666666666666666,0.27392747152983793,0.08964969533253357
RENTHOM1,core_survey,categorical,173795,86898,1210,605,0,0,evaluated,exact_accuracy_higher_is_better,0.7717093603995488,0.7233308016294967,0.559007094228749,0.3333333333333333,0.5727146918648107,0.2798189030009215
NUMHHOL2,core_survey,categorical,100125,50162,405,174,74475,37167,evaluated,exact_accuracy_higher_is_better,0.9467126510107252,0.9467325864199992,0.4999894714676774,0.5,0.48631350421398656,0.48631876459263507
NUMPHON2,core_survey,count,5111,2616,118,56,169776,84831,evaluated,exact_accuracy_higher_is_better,0.540519877675841,0.5340214067278287,0.18626958674336225,0.16666666666666666,0.1813616548749343,0.1160395381676219
CPDEMO1,core_survey,binary,100017,50082,513,254,74475,37167,evaluated,exact_accuracy_higher_is_better,0.771434846851164,0.8139051954794138,0.6611205252388354,0.5,0.6488957729598162,0.4487032715424244
VETERAN3,core_survey,binary,174681,87334,324,169,0,0,evaluated,exact_accuracy_higher_is_better,0.8534591338997413,0.8700735108892299,0.7449716450816326,0.5,0.7142595472379363,0.46526166261534035
EMPLOY1,core_survey,categorical,173488,86770,1517,733,0,0,evaluated,exact_accuracy_higher_is_better,0.6121009565518036,0.41113288002765935,0.3729060653376651,0.125,0.33528230156331895,0.07283737872006794
CHILDREN,core_survey,count,173533,86784,1471,717,1,2,evaluated,exact_accuracy_higher_is_better,0.7105457227138643,0.7403323193215339,0.09366336793945046,0.058823529411764705,0.08717238111615111,0.05004671748791947
INCOME2,core_survey,ordinal,143816,71672,29892,15181,1297,650,evaluated,exact_accuracy_higher_is_better,0.37167931688804556,0.3189251032481304,0.26343462946676616,0.125,0.24544561460470182,0.06045170845234317
INTERNET,core_survey,binary,172757,86364,547,279,1701,860,evaluated,exact_accuracy_higher_is_better,0.8183502385253115,0.7906766708350702,0.7669182889142802,0.5,0.745767419499431,0.44155189136760425
PREGNANT,core_survey,binary,25554,12714,188,103,149263,74686,evaluated,exact_accuracy_higher_is_better,0.9664149756174296,0.9632688375019663,0.6334522512964326,0.5,0.6787804862895828,0.49064540683466207
QLACTLM2,core_survey,binary,170088,85096,1194,564,3723,1843,evaluated,exact_accuracy_higher_is_better,0.7863471843564915,0.7542540189903169,0.718014654764072,0.5,0.7153212841836176,0.429957127545552
USEEQUIP,core_survey,binary,170426,85249,410,202,4169,2052,evaluated,exact_accuracy_higher_is_better,0.851857499794719,0.8849722577390937,0.7487470202146447,0.5,0.7009115438218997,0.4694882134767132
BLIND,core_survey,binary,169881,84987,658,316,4466,2200,evaluated,exact_accuracy_higher_is_better,0.8988315860072718,0.9500747173097062,0.6530098200686012,0.5,0.6091732362363371,0.48719913594921893
DECIDE,core_survey,binary,169158,84668,1138,522,4709,2313,evaluated,exact_accuracy_higher_is_better,0.8728917654840082,0.9013322624840554,0.6827644248616133,0.5,0.6689289493212739,0.47405299971425374
DIFFWALK,core_survey,binary,169180,84660,893,411,4932,2432,evaluated,exact_accuracy_higher_is_better,0.8435624852350578,0.8271793054571226,0.7781895963877503,0.5,0.7512815286121619,0.4527083373736982
DIFFDRES,core_survey,binary,169480,84760,451,227,5074,2516,evaluated,exact_accuracy_higher_is_better,0.9144525719679094,0.9561939594148183,0.7391419108238328,0.5,0.6566117972282124,0.4888032471487935
DIFFALON,core_survey,binary,168945,84492,744,373,5316,2638,evaluated,exact_accuracy_higher_is_better,0.8881669270463476,0.9214126781233726,0.7502421376922167,0.5,0.6948067108723128,0.4795495983836791
SMOKE100,core_survey,categorical,168072,83996,1286,658,5647,2849,evaluated,exact_accuracy_higher_is_better,0.6220058098004667,0.5652650126196486,0.611371894726555,0.5,0.6119124765224607,0.3611305485411786
SMOKDAY2,core_survey,ordinal,72619,36441,137,61,102249,51001,evaluated,exact_accuracy_higher_is_better,0.6796465519607036,0.6618643835240525,0.45551915155359485,0.3333333333333333,0.44685759586640544,0.26551078819903123
LASTSMK2,core_survey,ordinal,48081,23924,321,178,126603,63401,evaluated,exact_accuracy_higher_is_better,0.6750125397090787,0.6712088279551914,0.17668060323148652,0.125,0.16520572685472332,0.1004076834575559
USENOW3,core_survey,ordinal,168331,84164,765,380,5909,2959,evaluated,exact_accuracy_higher_is_better,0.9593531676251129,0.968680195808184,0.3534715287380685,0.3333333333333333,0.3557527947600109,0.32803032131907395
ALCDAY5,core_survey,count,166415,83220,2271,1111,6319,3172,evaluated,exact_accuracy_higher_is_better,0.45760634462869504,0.4927421292958423,0.038028598350721136,0.02702702702702703,0.032494424733127164,0.01784280698517654
AVEDRNK2,core_survey,count,82279,41436,1417,675,91309,45392,evaluated,exact_accuracy_higher_is_better,0.4654889468095376,0.46597161888213146,0.04655421142725777,0.03333333333333333,0.045589219057845874,0.021190570262083496
DRNK3GE5,core_survey,count,82371,41453,1167,577,91467,45473,evaluated,exact_accuracy_higher_is_better,0.7283188189033363,0.7568571635346054,0.03479783429494709,0.029411764705882353,0.03237443223101881,0.025341280181316074
MAXDRNKS,core_survey,count,80821,40642,2548,1306,91636,45555,evaluated,exact_accuracy_higher_is_better,0.3012893066286108,0.28519757885930813,0.03493410712696216,0.022222222222222223,0.032765396671411685,0.009862645368934496
FRUITJU1,core_survey,count,159700,79956,4076,2076,11229,5471,evaluated,exact_accuracy_higher_is_better,0.4036219920956526,0.41053829606283454,0.013284163674848493,0.012048192771084338,0.00972442620574698,0.007013272230443841
FRUIT1,core_survey,count,160489,80391,2838,1424,11678,5688,evaluated,exact_accuracy_higher_is_better,0.23379482777922903,0.2514833750046647,0.012275709158716187,0.009433962264150943,0.007815448608814371,0.003791476127034423
FVBEANS,core_survey,count,159245,79663,3592,1919,12168,5921,evaluated,exact_accuracy_higher_is_better,0.17097021201812634,0.17253932189347626,0.016323254374259473,0.0125,0.010741957738088479,0.003678753425830764
FVGREEN,core_survey,count,160008,80063,2481,1330,12516,6110,evaluated,exact_accuracy_higher_is_better,0.1460849580954998,0.13906548592983026,0.0157112381473099,0.010869565217391304,0.009386346249787639,0.0026540728122730964
FVORANG,core_survey,count,159421,79802,2726,1440,12858,6261,evaluated,exact_accuracy_higher_is_better,0.16322899175459263,0.14821683667076013,0.016564829924055162,0.012345679012345678,0.01147514048510518,0.0031872681732625714
VEGETAB1,core_survey,count,158545,79405,3211,1626,13249,6472,evaluated,exact_accuracy_higher_is_better,0.21280775769787796,0.22882690006926515,0.013488124246196288,0.010309278350515464,0.008101047605564116,0.003839499618321619
EXERANY2,core_survey,binary,159901,80029,957,524,14147,6950,evaluated,exact_accuracy_higher_is_better,0.7099551412612928,0.7308975496382561,0.6182510870987497,0.5,0.621183096675693,0.4222650553702661
EXRACT11,core_survey,categorical,117017,58206,469,241,57519,29056,evaluated,exact_accuracy_higher_is_better,0.5134694017798852,0.5475036937772738,0.02395797010978854,0.013333333333333334,0.018997565129696962,0.009434613021885708
EXEROFT1,core_survey,count,115658,57527,1132,569,58215,29407,evaluated,exact_accuracy_higher_is_better,0.18227962521946217,0.180941123298625,0.014370649507757537,0.011764705882352941,0.008817759070835493,0.003605123160898839
EXERHMM1,core_survey,count,114278,56855,2361,1179,58366,29469,evaluated,exact_accuracy_higher_is_better,0.2427930700905813,0.2541553073608302,0.008870601831654354,0.006993006993006993,0.007053071773959678,0.0028342739232578656
EXRACT21,core_survey,categorical,114975,57245,1513,710,58517,29548,evaluated,exact_accuracy_higher_is_better,0.25410079482924275,0.31616735086033715,0.025953393180463875,0.013157894736842105,0.019958134199439325,0.006321531557711437
EXEROFT2,core_survey,count,77368,38626,868,457,96769,48420,evaluated,exact_accuracy_higher_is_better,0.17506342877854295,0.17770413710971883,0.01636298942214596,0.013157894736842105,0.010028258449695375,0.0039707975147805765
EXERHMM2,core_survey,count,76431,38154,1731,894,96843,48455,evaluated,exact_accuracy_higher_is_better,0.21567856581223463,0.22063217487026263,0.00969873011574508,0.008695652173913044,0.007486230611743753,0.0031435197114145835
STRENGTH,core_survey,count,157468,78912,2050,1025,15487,7566,evaluated,exact_accuracy_higher_is_better,0.580279298459043,0.6120488645579887,0.014754944936054611,0.011904761904761904,0.013335117947812804,0.009039795463818731
LMTJOIN3,core_survey,binary,53195,26799,672,338,121138,60366,evaluated,exact_accuracy_higher_is_better,0.6545020336579723,0.5069219000708982,0.6537966753121334,0.5,0.6532536536501639,0.33639560221870046
ARTHDIS2,core_survey,binary,52222,26328,1578,773,121205,60402,evaluated,exact_accuracy_higher_is_better,0.7285779398359161,0.6785931327863871,0.6705042684552878,0.5,0.6762350247252028,0.4042630221297009
ARTHSOCL,core_survey,ordinal,53273,26814,439,249,121293,60440,evaluated,exact_accuracy_higher_is_better,0.619825464309689,0.5730588498545536,0.5209646159892377,0.3333333333333333,0.4997987604090566,0.24286391654812708
JOINPAIN,core_survey,count,51643,26050,1054,517,122308,60936,evaluated,exact_accuracy_higher_is_better,0.19047984644913626,0.1614587332053743,0.16323010730760676,0.09090909090909091,0.1454152504961093,0.025275227152540745
SEATBELT,core_survey,ordinal,157923,79135,906,479,16176,7889,evaluated,exact_accuracy_higher_is_better,0.8633221709736526,0.8752637897264168,0.18208672676847967,0.16666666666666666,0.17271416858222652,0.1555805632113424
FLUSHOT6,core_survey,categorical,157285,78816,1170,625,16550,8062,evaluated,exact_accuracy_higher_is_better,0.6239976654486399,0.5195518676410881,0.6220836889933811,0.5,0.6219680972512057,0.3419112428505824
IMFVPLAC,core_survey,categorical,75463,37697,264,125,99278,49681,evaluated,exact_accuracy_higher_is_better,0.40833488075974217,0.3838767010637451,0.1822431941265809,0.09090909090909091,0.1438531674241508,0.05043495838619286
PNEUVAC3,core_survey,binary,143973,72205,14256,7124,16776,8174,evaluated,exact_accuracy_higher_is_better,0.7379405858320061,0.569946679592826,0.7312631537281415,0.5,0.7319059635047842,0.36303569223169074
HIVTST6,core_survey,categorical,151959,76208,5673,2867,17373,8428,evaluated,exact_accuracy_higher_is_better,0.699598467352509,0.7062119462523619,0.661198786783814,0.5,0.6531918100946591,0.4139063425288594
WHRTST10,core_survey,categorical,44429,21894,904,441,129672,65168,evaluated,exact_accuracy_higher_is_better,0.42920434822325754,0.46903261167443133,0.16374227758259963,0.1111111111111111,0.14939002596184434,0.07095109287068993
PDIABTST,optional_module,binary,31196,15697,1498,745,142311,71061,evaluated,exact_accuracy_higher_is_better,0.6742052621520036,0.6413327387398866,0.6122119807943969,0.5,0.6149214020852707,0.3907390156807949
PREDIAB1,optional_module,categorical,32569,16389,126,53,142310,71061,evaluated,exact_accuracy_higher_is_better,0.8777838794313259,0.8880956739276344,0.4673840364965054,0.3333333333333333,0.49175910066334644,0.31357721475353323
INSULIN,optional_module,binary,11526,5858,14,5,163465,81640,evaluated,exact_accuracy_higher_is_better,0.6684875384090133,0.6766814612495732,0.5565322858205368,0.5,0.5497787328687159,0.4035837914884952
BLDSUGAR,optional_module,ordinal,11341,5756,198,107,163466,81640,evaluated,exact_accuracy_higher_is_better,0.24843641417651147,0.26216122307157746,0.020661974357294235,0.017241379310344827,0.01722315583482583,0.007162351377649097
FEETCHK2,optional_module,ordinal,11187,5700,350,163,163468,81640,evaluated,exact_accuracy_higher_is_better,0.5191228070175439,0.5278947368421053,0.025412316622470954,0.022727272727272728,0.02109056340034896,0.015704756834622493
DOCTDIAB,optional_module,count,11139,5647,398,216,163468,81640,evaluated,exact_accuracy_higher_is_better,0.25907561537099344,0.25889853019302284,0.0412243526888023,0.030303030303030304,0.03272534194268367,0.012463927501204194
CHKHEMO3,optional_module,ordinal,10778,5468,759,395,163468,81640,evaluated,exact_accuracy_higher_is_better,0.29992684711046086,0.288222384784199,0.0517068647998699,0.034482758620689655,0.04299182468904794,0.015430104368599347
FEETCHK,optional_module,count,11096,5633,331,176,163578,81694,evaluated,exact_accuracy_higher_is_better,0.24693768862062843,0.2281200071010119,0.04329692252896949,0.034482758620689655,0.03854423630532401,0.012810160401152416
EYEEXAM,optional_module,categorical,11350,5778,187,85,163468,81640,evaluated,exact_accuracy_higher_is_better,0.4903080650744202,0.509865005192108,0.2231435664500113,0.2,0.18355684342331494,0.13507565337001376
DIABEYE,optional_module,binary,11387,5802,150,60,163468,81641,evaluated,exact_accuracy_higher_is_better,0.8050672182006204,0.8212685280937607,0.5335176638560056,0.5,0.5292882585788413,0.4509321472508754
DIABEDU,optional_module,binary,11481,5844,56,18,163468,81641,evaluated,exact_accuracy_higher_is_better,0.6021560574948666,0.5544147843942505,0.5876443647949025,0.5,0.5860424026169269,0.35667107001321
CRGVREL1,optional_module,categorical,9527,4667,67,31,165411,82805,evaluated,exact_accuracy_higher_is_better,0.30126419541461325,0.21984143989715021,0.19803201244044635,0.06666666666666667,0.16089796954753496,0.02402950992446865
CRGVLNG1,optional_module,ordinal,9464,4622,119,74,165422,82807,evaluated,exact_accuracy_higher_is_better,0.2860233665080052,0.3052790999567287,0.22379254845134713,0.2,0.18519139599457612,0.09355212995193105
CRGVHRS1,optional_module,ordinal,9015,4404,553,287,165437,82812,evaluated,exact_accuracy_higher_is_better,0.5497275204359673,0.5821980018165305,0.2840872253544215,0.25,0.2503254445470536,0.18398392652123996
CRGVPRB1,optional_module,categorical,9103,4465,451,223,165451,82815,evaluated,exact_accuracy_higher_is_better,0.4653975363941769,0.477491601343785,0.0798174953046584,0.07692307692307693,0.05788898499375931,0.04971956950128846
CRGVPERS,optional_module,binary,9486,4654,56,25,165463,82824,evaluated,exact_accuracy_higher_is_better,0.561882251826386,0.49935539321014183,0.5619333249614029,0.5,0.5612185811641075,0.33304671825738036
CRGVHOUS,optional_module,binary,9482,4653,55,23,165468,82827,evaluated,exact_accuracy_higher_is_better,0.7633784655061251,0.7687513432194283,0.5166493801268534,0.5,0.4824894878134399,0.43462940461725397
CRGVMST2,optional_module,categorical,9226,4504,281,163,165498,82836,evaluated,exact_accuracy_higher_is_better,0.8248223801065719,0.8263765541740675,0.16635321511732043,0.16666666666666666,0.1507038254026206,0.15082259502390793
CRGVEXPT,optional_module,binary,30810,15480,2445,1259,141750,70764,evaluated,exact_accuracy_higher_is_better,0.8372739018087856,0.8372739018087856,0.5,0.5,0.45571534052951723,0.45571534052951723
VIDFCLT2,optional_module,ordinal,1251,661,0,1,173754,86841,evaluated,exact_accuracy_higher_is_better,0.7140695915279879,0.7821482602118003,0.16134480030343648,0.14285714285714285,0.16107470413615368,0.12539413048750908
VIREDIF3,optional_module,ordinal,1241,656,7,3,173757,86844,evaluated,exact_accuracy_higher_is_better,0.5152439024390244,0.5640243902439024,0.20804265593544835,0.16666666666666666,0.20459032199169905,0.12020792722547108
VIPRFVS2,optional_module,categorical,1237,651,11,8,173757,86844,evaluated,exact_accuracy_higher_is_better,0.40860215053763443,0.4807987711213518,0.23263390750849103,0.2,0.2275663974020936,0.12987551867219918
VINOCRE2,optional_module,categorical,412,235,8,5,174585,87263,evaluated,exact_accuracy_higher_is_better,0.4553191489361702,0.41702127659574467,0.20756458917798928,0.14285714285714285,0.197373344037457,0.08408408408408408
VIEYEXM2,optional_module,categorical,964,515,28,13,174013,86975,evaluated,exact_accuracy_higher_is_better,0.4174757281553398,0.4368932038834951,0.25706875326387524,0.2,0.24286230237787326,0.12162162162162163
VIINSUR2,optional_module,categorical,1206,645,37,14,173762,86844,evaluated,exact_accuracy_higher_is_better,0.6186046511627907,0.5674418604651162,0.6136670779716786,0.5,0.6130905934220281,0.3620178041543027
VICTRCT4,optional_module,categorical,1239,656,3,3,173763,86844,evaluated,exact_accuracy_higher_is_better,0.6707317073170732,0.6310975609756098,0.5597875665341933,0.3333333333333333,0.5511675112943165,0.25794392523364484
VIGLUMA2,optional_module,binary,1234,658,8,1,173763,86844,evaluated,exact_accuracy_higher_is_better,0.9103343465045592,0.9331306990881459,0.5299822327509623,0.5,0.5360825974212206,0.4827044025157233
VIMACDG2,optional_module,binary,1228,653,13,6,173764,86844,evaluated,exact_accuracy_higher_is_better,0.9295558958652373,0.9479326186830015,0.5458994583293737,0.5,0.55570346704532,0.48663522012578614
CIMEMLOS,optional_module,categorical,45725,23172,323,162,128957,64169,evaluated,exact_accuracy_higher_is_better,0.8538753668220266,0.8911185914034179,0.4320041055763504,0.3333333333333333,0.43029557661180423,0.31414162159695125
CDHOUSE,optional_module,ordinal,4955,2576,124,63,169926,84864,evaluated,exact_accuracy_higher_is_better,0.5077639751552795,0.47554347826086957,0.2754185939497611,0.2,0.2428811568253872,0.1289134438305709
CDHELP,optional_module,ordinal,1567,865,17,3,173421,86635,evaluated,exact_accuracy_higher_is_better,0.38034682080924853,0.40346820809248557,0.23600536757153917,0.2,0.22062570987598887,0.11499176276771006
CDSOCIAL,optional_module,ordinal,4970,2580,94,50,169941,84873,evaluated,exact_accuracy_higher_is_better,0.5007751937984496,0.5069767441860465,0.298872383692735,0.2,0.26145702826942674,0.1345679012345679
CDDISCUS,optional_module,binary,5002,2610,54,20,169949,84873,evaluated,exact_accuracy_higher_is_better,0.6325670498084291,0.5440613026819924,0.6229879275653923,0.5,0.6224620729735613,0.3523573200992556
LONGWTCH,optional_module,count,9410,4753,582,268,165013,82482,evaluated,exact_accuracy_higher_is_better,0.13822848727119713,0.12791920892068168,0.015836890594053597,0.009259259259259259,0.013161315684134391,0.0021002162393693826
DRADVISE,optional_module,binary,16170,8129,97,54,158738,79320,evaluated,exact_accuracy_higher_is_better,0.7191536474351089,0.6919670316152048,0.6747527156549521,0.5,0.6732802459045615,0.4089719354369638
ASTHMAGE,optional_module,count,374,204,38,17,174593,87282,evaluated,exact_accuracy_higher_is_better,0.29411764705882354,0.35784313725490197,0.025604351329572922,0.0196078431372549,0.016828919336899274,0.010334819848517024
ASERVIST,optional_module,count,118,68,4,0,174883,87435,evaluated,exact_accuracy_higher_is_better,0.6470588235294118,0.6617647058823529,0.21611111111111114,0.2,0.20370370370370372,0.1592920353982301
ASDRVIST,optional_module,count,118,67,4,1,174883,87435,evaluated,exact_accuracy_higher_is_better,0.5074626865671642,0.5522388059701493,0.13846525096525097,0.125,0.13020833333333331,0.0889423076923077
ASRCHKUP,optional_module,count,256,139,9,1,174740,87363,evaluated,exact_accuracy_higher_is_better,0.35251798561151076,0.38848920863309355,0.10353535353535354,0.09090909090909091,0.09081726354453627,0.05087140838436175
ASACTLIM,optional_module,ordinal,250,133,15,7,174740,87363,evaluated,exact_accuracy_higher_is_better,0.7593984962406015,0.7669172932330827,0.07616892911010559,0.07692307692307693,0.06640368178829717,0.06677577741407528
ASYMPTOM,optional_module,ordinal,258,136,7,3,174740,87364,evaluated,exact_accuracy_higher_is_better,0.2867647058823529,0.2867647058823529,0.20712111657218146,0.16666666666666666,0.19966583124477863,0.07428571428571429
ASNOSLEP,optional_module,ordinal,171,100,10,0,174824,87403,evaluated,exact_accuracy_higher_is_better,0.46,0.46,0.30714418431809737,0.16666666666666666,0.30211676757729394,0.1050228310502283
ASTHMED3,optional_module,count,255,136,9,3,174741,87364,evaluated,exact_accuracy_higher_is_better,0.5147058823529411,0.3602941176470588,0.36975623582766437,0.25,0.3619952181836914,0.13243243243243244
ASINHALR,optional_module,ordinal,260,136,4,3,174741,87364,evaluated,exact_accuracy_higher_is_better,0.4852941176470588,0.47058823529411764,0.16986062717770034,0.14285714285714285,0.1526530612244898,0.09142857142857143
HAREHAB1,optional_module,binary,405,202,11,2,174589,87299,evaluated,exact_accuracy_higher_is_better,0.599009900990099,0.5742574257425742,0.5847032878909382,0.5,0.5850893875998477,0.36477987421383645
STREHAB1,optional_module,binary,262,143,2,0,174741,87360,evaluated,exact_accuracy_higher_is_better,0.5804195804195804,0.6013986013986014,0.532843737250102,0.5,0.5246010638297872,0.37554585152838427
CVDASPRN,optional_module,binary,7521,3765,13,4,167471,83734,evaluated,exact_accuracy_higher_is_better,0.7078353253652059,0.7027888446215139,0.676616431499618,0.5,0.6666772904980452,0.41272812353766963
RLIVPAIN,optional_module,binary,2194,1111,11,7,172800,86385,evaluated,exact_accuracy_higher_is_better,0.7875787578757876,0.7947794779477948,0.5881936579841449,0.5,0.5998229548229548,0.4428284854563691
RDUCHART,optional_module,binary,2138,1090,67,29,172800,86384,evaluated,exact_accuracy_higher_is_better,0.8504587155963302,0.8559633027522936,0.6053856814194333,0.5,0.6252280757264146,0.4611962432031636
RDUCSTRK,optional_module,binary,2035,1044,169,75,172801,86384,evaluated,exact_accuracy_higher_is_better,0.7260536398467433,0.725095785440613,0.5698866330048468,0.5,0.5691652381694458,0.42032204330927264
ARTTODAY,optional_module,categorical,7728,3868,58,23,167219,83612,evaluated,exact_accuracy_higher_is_better,0.48655635987590484,0.44415718717683556,0.4435580720491245,0.25,0.4466481242654631,0.15377730039384174
ARTHWGT,optional_module,binary,7726,3856,55,31,167224,83616,evaluated,exact_accuracy_higher_is_better,0.7471473029045643,0.6358921161825726,0.7291872905657572,0.5,0.7281635530489954,0.388712745719721
ARTHEXER,optional_module,binary,7687,3827,93,58,167225,83618,evaluated,exact_accuracy_higher_is_better,0.6080480794355893,0.573556310425921,0.5897121633391398,0.5,0.5897136593724968,0.3644968449020259
ARTHEDU,optional_module,binary,7731,3868,44,15,167230,83620,evaluated,exact_accuracy_higher_is_better,0.8684074457083765,0.8686659772492245,0.5006866329208849,0.5,0.46673203366761695,0.46485888212506915
TETANUS,optional_module,categorical,10497,5307,5583,2764,158925,79432,evaluated,exact_accuracy_higher_is_better,0.6261541360467308,0.6489542114188808,0.4284971369174316,0.3333333333333333,0.405416533139622,0.2623700148554451
HPVADVC2,optional_module,categorical,3916,1851,420,203,170669,85449,evaluated,exact_accuracy_higher_is_better,0.8373851971907077,0.8400864397622907,0.5405511753219104,0.3333333333333333,0.5555164066084929,0.30436484634957917
HPVADSHT,optional_module,count,494,240,87,52,174424,87211,evaluated,exact_accuracy_higher_is_better,0.5708333333333333,0.6,0.3559912854030501,0.3333333333333333,0.3232585873855715,0.25
SHINGLE2,optional_module,binary,10933,5494,162,102,163910,81907,evaluated,exact_accuracy_higher_is_better,0.7246086639970878,0.7060429559519475,0.653731013307346,0.5,0.6579730310284428,0.4138482876346954
HOWLONG,optional_module,ordinal,7355,3608,59,44,167591,83851,evaluated,exact_accuracy_higher_is_better,0.5759423503325942,0.6072616407982262,0.21900522161977426,0.2,0.1897892316926159,0.15112950508708398
LASTPAP2,optional_module,ordinal,8295,4045,203,110,166507,83348,evaluated,exact_accuracy_higher_is_better,0.465512978986403,0.4133498145859085,0.286377854995129,0.2,0.22717665982540725,0.11698443239461256
HPVTEST,optional_module,count,6504,3149,2580,1314,165921,83040,evaluated,exact_accuracy_higher_is_better,0.6659256906954589,0.577008574150524,0.6713349976283383,0.5,0.6643610886186552,0.36588803866290776
HPLSTTST,optional_module,ordinal,2630,1262,154,70,172221,86171,evaluated,exact_accuracy_higher_is_better,0.4445324881141046,0.4540412044374009,0.24533873038817772,0.2,0.20922655378549374,0.12490463215258855
HADHYST2,optional_module,binary,8956,4398,44,25,166005,83080,evaluated,exact_accuracy_higher_is_better,0.7223738062755798,0.7173715325147795,0.6755909798516702,0.5,0.6690763071018073,0.41771481530517673
LENGEXAM,optional_module,ordinal,1933,1010,15,13,173057,86480,evaluated,exact_accuracy_higher_is_better,0.5554455445544555,0.6306930693069307,0.21180272309336345,0.2,0.19110083945534279,0.15470552519732847
LSTBLDS3,optional_module,ordinal,7596,3805,226,119,167183,83579,evaluated,exact_accuracy_higher_is_better,0.36084099868593955,0.34480946123521683,0.22547828241411758,0.2,0.17673660290695964,0.10256009380496385
HADSGCO1,optional_module,binary,15287,7613,313,157,159405,79733,evaluated,exact_accuracy_higher_is_better,0.9562590306055432,0.9562590306055432,0.5,0.5,0.48882025112468946,0.48882025112468946
LASTSIG3,optional_module,ordinal,15381,7670,218,99,159406,79734,evaluated,exact_accuracy_higher_is_better,0.2318122555410691,0.21447196870925683,0.19931322676572516,0.16666666666666666,0.17041095694287398,0.058865628913938095
PCPSAAD2,optional_module,binary,2432,1260,106,58,172467,86185,evaluated,exact_accuracy_higher_is_better,0.6595238095238095,0.6039682539682539,0.638445089917022,0.5,0.6397780850673909,0.37654626422563087
PCPSADI1,optional_module,binary,2417,1251,116,67,172472,86185,evaluated,exact_accuracy_higher_is_better,0.6826538768984812,0.7050359712230215,0.5148636690448537,0.5,0.48417729078492977,0.41350210970464135
PCPSARE1,optional_module,binary,2440,1255,91,62,172474,86186,evaluated,exact_accuracy_higher_is_better,0.6677290836653387,0.5386454183266932,0.665546340865193,0.5,0.665605980735132,0.3500776799585707
PSATIME,optional_module,ordinal,1354,679,32,14,173619,86810,evaluated,exact_accuracy_higher_is_better,0.6347569955817378,0.6597938144329897,0.23168338507651867,0.2,0.22519267460556996,0.1590062111801242
PCPSARS1,optional_module,categorical,1373,687,12,5,173620,86811,evaluated,exact_accuracy_higher_is_better,0.7248908296943232,0.7510917030567685,0.19952675054009406,0.2,0.18176126912945048,0.171571072319202
PCPSADE1,optional_module,categorical,307,157,2,2,174696,87344,evaluated,exact_accuracy_higher_is_better,0.3248407643312102,0.34394904458598724,0.26837231968810915,0.25,0.2531756350066209,0.12796208530805686
PCDMDECN,optional_module,categorical,94,46,2,1,174909,87456,insufficient_observed,,,,,,,
SCNTMNY1,optional_module,ordinal,27384,13826,115,42,147506,73635,evaluated,exact_accuracy_higher_is_better,0.5211196296832056,0.5392738319108925,0.27923283947789557,0.16666666666666666,0.25644183009037114,0.1167810042915766
SCNTMEL1,optional_module,ordinal,28894,14595,97,51,146014,72857,evaluated,exact_accuracy_higher_is_better,0.6483727303871188,0.663446385748544,0.28264317862612537,0.16666666666666666,0.26771397348407894,0.13294615152264053
SCNTPAID,optional_module,categorical,13647,6906,172,82,161186,80515,evaluated,exact_accuracy_higher_is_better,0.6317694758181291,0.4740805097017087,0.48511661313569937,0.25,0.49540126051903427,0.16080550098231827
SCNTLPAD,optional_module,categorical,9791,4987,276,141,164938,82375,evaluated,exact_accuracy_higher_is_better,0.61259274112693,0.45277722077401245,0.3451154258757653,0.25,0.32450968444314454,0.15583160800552104
SCNTLWK1,optional_module,count,13994,7059,1099,570,159912,79874,evaluated,exact_accuracy_higher_is_better,0.38829862586768665,0.441705624026066,0.020390931440759777,0.012658227848101266,0.018009807725622932,0.007756382908593838
SXORIENT,optional_module,categorical,64279,32157,1834,951,108892,54395,evaluated,exact_accuracy_higher_is_better,0.9648910035140094,0.9688403769008302,0.25751234144976454,0.25,0.25983725621772374,0.24604340409401063
TRNSGNDR,optional_module,categorical,65111,32621,967,468,108927,54414,evaluated,exact_accuracy_higher_is_better,0.9950951840838723,0.9954937003770578,0.24989991993594876,0.25,0.2493853907378384,0.2494354405100238
RCSGENDR,optional_module,binary,22572,11343,1109,591,151324,75569,evaluated,exact_accuracy_higher_is_better,0.5060389667636428,0.5182050603896676,0.4995366598730453,0.5,0.48614253549379627,0.3413274490447709
RCSRLTN2,optional_module,categorical,22711,11418,875,479,151419,75606,evaluated,exact_accuracy_higher_is_better,0.8502364687335786,0.813802767559993,0.420977519242957,0.16666666666666666,0.38985609317539277,0.14955737968775148
CASTHDX2,optional_module,categorical,19709,9982,981,509,154315,77012,evaluated,exact_accuracy_higher_is_better,0.8494289721498698,0.8694650370667201,0.5184809320439586,0.5,0.5134174257512957,0.46508761588339315
CASTHNO2,optional_module,binary,2493,1260,55,41,172457,86202,evaluated,exact_accuracy_higher_is_better,0.6476190476190476,0.6738095238095239,0.5138290646789266,0.5,0.4836732810336871,0.40256045519203415
EMTSUPRT,optional_module,ordinal,7817,4019,133,64,167055,83420,evaluated,exact_accuracy_higher_is_better,0.5145558596665837,0.5493903956208012,0.2599332555930417,0.2,0.24571744527436795,0.14183394893207002
LSATISFY,optional_module,ordinal,7853,4038,90,43,167062,83422,evaluated,exact_accuracy_higher_is_better,0.5913818722139673,0.4739970282317979,0.3701367960154045,0.25,0.37326708156314736,0.16078629032258066
ADPLEASR,optional_module,count,7786,3891,273,141,166946,83471,evaluated,exact_accuracy_higher_is_better,0.6689796967360576,0.694680030840401,0.09027446045659755,0.06666666666666667,0.07654603140180952,0.05465574764937822
ADDOWN,optional_module,count,7959,3978,91,50,166955,83475,evaluated,exact_accuracy_higher_is_better,0.7169431875314228,0.7496229260935143,0.09346338633554466,0.06666666666666667,0.07739302044196948,0.0571264367816092
ADSLEEP,optional_module,count,7929,3966,120,58,166956,83479,evaluated,exact_accuracy_higher_is_better,0.5418557740796772,0.5289964699949571,0.08847280562705985,0.06666666666666667,0.07497293994571672,0.0461301671064204
ADENERGY,optional_module,count,7890,3952,158,70,166957,83481,evaluated,exact_accuracy_higher_is_better,0.4367408906882591,0.39625506072874495,0.09786156034039019,0.06666666666666667,0.07700615190108309,0.03783979702790866
ADEAT1,optional_module,count,7907,3956,138,63,166960,83484,evaluated,exact_accuracy_higher_is_better,0.6225985844287159,0.6501516683518705,0.08572802489036233,0.06666666666666667,0.07281141585898207,0.05253267973856209
ADFAIL,optional_module,count,7956,3964,88,52,166961,83487,evaluated,exact_accuracy_higher_is_better,0.7921291624621595,0.8289606458123108,0.08778534978109925,0.06666666666666667,0.07667674392565221,0.06043218390804597
ADTHINK,optional_module,count,7961,3964,76,48,166968,83491,evaluated,exact_accuracy_higher_is_better,0.8128153380423815,0.8461150353178607,0.09446619390976647,0.07142857142857142,0.08279674388956812,0.06547456369812205
ADMOVE,optional_module,count,7870,3923,161,86,166974,83494,evaluated,exact_accuracy_higher_is_better,0.8439969411164925,0.8835075197552893,0.10842135025107275,0.08333333333333333,0.09720739233873667,0.07817927549961655
MISTMNT,optional_module,binary,7991,3988,33,17,166981,83498,evaluated,exact_accuracy_higher_is_better,0.8269809428284854,0.8497993981945837,0.6143912520671071,0.5,0.6252424867909049,0.4594008404500474
ADANXEV,optional_module,binary,7973,3972,48,32,166984,83499,evaluated,exact_accuracy_higher_is_better,0.8149546827794562,0.8383685800604229,0.616169908225983,0.5,0.6260727727537334,0.4560394412489729
HTM4,derived,continuous,168893,84519,0,0,6112,2984,evaluated,mean_absolute_error_lower_is_better,0.03274033963680267,0.08614619821310043,,,,
WTKG3,derived,continuous,162830,81314,0,0,12175,6189,evaluated,mean_absolute_error_lower_is_better,5.226651668548584,15.807927131652832,,,,
_BMI5,derived,continuous,160607,80246,0,0,14398,7257,evaluated,mean_absolute_error_lower_is_better,1.4880330562591553,4.632648944854736,,,,
_FRUTSUM,derived,continuous,157716,78971,0,0,17289,8532,evaluated,mean_absolute_error_lower_is_better,0.8259417414665222,0.7993613481521606,,,,
_VEGESUM,derived,continuous,154873,77433,0,0,20132,10070,evaluated,mean_absolute_error_lower_is_better,0.9136578440666199,0.919681191444397,,,,
