run_id,recorded_at_utc,experiment_name,model_name,split_id,status,threshold,f1,accuracy,precision,recall,runtime_seconds,estimated_memory_mebibytes,record_path,record_sha256
20260919T121443130439Z_all-negative-baseline,2026-09-19T12:14:43+00:00,all_negative_baseline,all_negative,stratified_seed_20260918,completed,0.5,0.0,0.911697929205967,0.0,0.0,0.007126200012862682,0.9388017654418945,20260919T121443130439Z_all-negative-baseline.json,df26082fe64b72313ef9141d24d3f706d1025c1fc12b1364d6ffd1d3ca305c15
20260919T142052047474Z_all-negative-baseline,2026-09-19T14:20:52+00:00,all_negative_baseline,all_negative,stratified_seed_20260918,completed,0.5,0.0,0.911697929205967,0.0,0.0,0.12322500004665926,3.1919260025024414,20260919T142052047474Z_all-negative-baseline.json,d036112315931277bb15c12bc07d114f20938a251e3e8471aeb887e84c2addb4
20260919T142102318721Z_ridge-baseline,2026-09-19T14:21:02+00:00,ridge_baseline,ridge_classifier,stratified_seed_20260918,completed,0.0,0.016729259132809832,0.9122312462858275,0.7777777777777778,0.008455565142364107,6.029475099989213,406.25081729888916,20260919T142102318721Z_ridge-baseline.json,fb397118ac5c685fec46ddc615623810adce41efd6573c505faedf49f45f6a62
20260919T142118411295Z_logistic-baseline,2026-09-19T14:21:18+00:00,logistic_baseline,logistic_classifier,stratified_seed_20260918,completed,0.5,0.16467849869071866,0.9125055236411843,0.5245597775718258,0.09767040552200172,6.948668600001838,406.7515115737915,20260919T142118411295Z_logistic-baseline.json,47cb944415979c1d511197f5cc9272ccf97b8cedf4ae6803b2220019d6bb4c5a
20260919T163334991303Z_phase3-p0-raw-baseline-cv,2026-09-19T16:33:34+00:00,phase3_p0_raw_baseline_cv,logistic_classifier,stratified_seed_20260918_development_inner_cv,completed,0.5,0.15778816772815962,0.9128521797430935,0.5380366557870951,0.09245038826574634,45.3443460999988,322.4471130371094,20260919T163334991303Z_phase3-p0-raw-baseline-cv.json,c881baae9eb8e1f92a02800caebd43e321c90c0cffe22a9053165f7974a1432d
20260919T163417222770Z_phase3-p1-structural-exclusions-cv,2026-09-19T16:34:17+00:00,phase3_p1_structural_exclusions_cv,logistic_classifier,stratified_seed_20260918_development_inner_cv,completed,0.5,0.1568613004236508,0.9128140856659607,0.5369482976040353,0.09184641932700605,41.420813900011126,296.4110107421875,20260919T163417222770Z_phase3-p1-structural-exclusions-cv.json,557cdcfe0ad0f5f551ad1f06bcaff1262c3315f59c2f49d8c6e3e8367d3c836d
20260919T163437810976Z_phase3-p2-codebook-clean-cv,2026-09-19T16:34:37+00:00,phase3_p2_codebook_clean_cv,logistic_classifier,stratified_seed_20260918_development_inner_cv,completed,0.5,0.03828547648772368,0.9119645877458973,0.5411764705882353,0.01984469370146678,20.23081539996201,297.4123992919922,20260919T163437810976Z_phase3-p2-codebook-clean-cv.json,790c268794162ea7649e859ce1a4d3a55343f624ceb928f3016120559cade5bc
20260919T163456582596Z_phase3-p3-sparse-missing-indicators-cv,2026-09-19T16:34:56+00:00,phase3_p3_sparse_missing_indicators_cv,logistic_classifier,stratified_seed_20260918_development_inner_cv,completed,0.5,0.047579780654737364,0.9120026818230301,0.537243947858473,0.024892148403796378,18.41712749999715,437.60679626464844,20260919T163456582596Z_phase3-p3-sparse-missing-indicators-cv.json,4a1253c12c540b986a3b40ce0ea495eda7a75999416dbb90135d5bad05e8e191
20260919T163516640321Z_phase3-p4-selected-categories-cv,2026-09-19T16:35:16+00:00,phase3_p4_selected_categories_cv,logistic_classifier,stratified_seed_20260918_development_inner_cv,completed,0.5,0.04092814744095306,0.9119836347844638,0.5411635565312843,0.021268334771354615,19.70347770000808,492.68316650390625,20260919T163516640321Z_phase3-p4-selected-categories-cv.json,ad0536f32b830dda0405fde67b9e8343b860381c2db760c8aa6204a9ce020f6e
20260919T163536531252Z_phase3-p5-detailed-missing-states-cv,2026-09-19T16:35:36+00:00,phase3_p5_detailed_missing_states_cv,logistic_classifier,stratified_seed_20260918_development_inner_cv,completed,0.5,0.04092984640929846,0.911987444192177,0.5417582417582417,0.021268334771354615,19.43902790005086,509.70677185058594,20260919T163536531252Z_phase3-p5-detailed-missing-states-cv.json,c7ad060cc9b37a12bafe29e2764c590c3e439b296522643a03f940f0aba60c2b
20260919T163742820359Z_phase3-p3b-broad-missing-indicators-cv,2026-09-19T16:37:42+00:00,phase3_p3b_broad_missing_indicators_cv,logistic_classifier,stratified_seed_20260918_development_inner_cv,completed,0.5,0.04851929651138844,0.9119988724153169,0.5359417652411284,0.02540983606557377,20.53493259998504,546.7581481933594,20260919T163742820359Z_phase3-p3b-broad-missing-indicators-cv.json,7930fdeb3ae61fa5761b0df1ff28398a0e3ccceb95378ac8c4e1be6677561210
20260919T163804408638Z_phase3-p6-broad-indicators-selected-categories-cv,2026-09-19T16:38:04+00:00,phase3_p6_broad_indicators_selected_categories_cv,logistic_classifier,stratified_seed_20260918_development_inner_cv,completed,0.5,0.041937756412912856,0.9119303030764777,0.5320715036803365,0.02182916307161346,21.226380900014192,601.8345184326172,20260919T163804408638Z_phase3-p6-broad-indicators-selected-categories-cv.json,111cb5475ea6b4ae2f29319a8277eddbee819241d07366a34a0a62fd30c160eb
20260919T170712639034Z_phase4-p1-structural-exclusions-unregularized-gamma-0p1-50,2026-09-19T17:07:12+00:00,phase4_p1_structural_exclusions_unregularized_gamma_0p1_50,logistic_classifier,stratified_seed_20260918_development_inner_cv,completed,0.3399014295293089,0.40019400210168943,0.8586671644292745,0.3200258564964447,0.5339516824849008,103.3093406999833,296.4110107421875,20260919T170712639034Z_phase4-p1-structural-exclusions-unregularized-gamma-0p1-50.json,aa6db2ff690410e7c6427738990e9d62948f1a3026bbbed8c4504863e5d191b8
20260919T170712899863Z_phase4-p1-structural-exclusions-unregularized-gamma-0p1-150,2026-09-19T17:07:12+00:00,phase4_p1_structural_exclusions_unregularized_gamma_0p1_150,logistic_classifier,stratified_seed_20260918_development_inner_cv,completed,0.25439250785775247,0.40560682570085316,0.8699620582991756,0.3400583941605839,0.5024590163934426,103.5702552999719,296.4110107421875,20260919T170712899863Z_phase4-p1-structural-exclusions-unregularized-gamma-0p1-150.json,bbcf27796dde78fd603d46bcd75db036b9e3736594fed9cbd9b10d219bbc15b0
20260919T170713085935Z_phase4-p1-structural-exclusions-unregularized-gamma-0p1-300,2026-09-19T17:07:13+00:00,phase4_p1_structural_exclusions_unregularized_gamma_0p1_300,logistic_classifier,stratified_seed_20260918_development_inner_cv,completed,0.21814728520335713,0.4091781393408428,0.8651279199110122,0.33365083684855085,0.5289042277825712,103.75635859998874,296.4110107421875,20260919T170713085935Z_phase4-p1-structural-exclusions-unregularized-gamma-0p1-300.json,7a255b8d6646d74a6f53f503b8f227700aa8fddd9d080609d6409bec56c4d916
20260919T170713251573Z_phase4-p1-structural-exclusions-l2-0p001-gamma-0p1-300,2026-09-19T17:07:13+00:00,phase4_p1_structural_exclusions_l2_0p001_gamma_0p1_300,regularized_logistic_classifier,stratified_seed_20260918_development_inner_cv,completed,0.22175373790585332,0.40922007154080164,0.8653602937815228,0.33403372810129345,0.5280845556514236,103.92204380000476,296.4110107421875,20260919T170713251573Z_phase4-p1-structural-exclusions-l2-0p001-gamma-0p1-300.json,745c70898954483d003fc0069560f6849758dc6b8cded795ba6f3d762c63ea24
20260919T170713403448Z_phase4-p1-structural-exclusions-l2-0p01-gamma-0p1-300,2026-09-19T17:07:13+00:00,phase4_p1_structural_exclusions_l2_0p01_gamma_0p1_300,regularized_logistic_classifier,stratified_seed_20260918_development_inner_cv,completed,0.24202355648805435,0.40766830711827334,0.8596995139195758,0.3249910251807785,0.5467644521138912,104.07392850000178,296.4110107421875,20260919T170713403448Z_phase4-p1-structural-exclusions-l2-0p01-gamma-0p1-300.json,c2b0f7cfc2fb6f6fd54d39fdce28e4a34a85e3fcc3a12963a300c042fe8e0f77
20260919T171034376477Z_phase4-p2-codebook-clean-unregularized-gamma-0p1-50,2026-09-19T17:10:34+00:00,phase4_p2_codebook_clean_unregularized_gamma_0p1_50,logistic_classifier,stratified_seed_20260918_development_inner_cv,completed,0.15271592310590287,0.3739495798319328,0.8319898822131135,0.2786663281712787,0.5682484900776531,200.96578089997638,297.4123992919922,20260919T171034376477Z_phase4-p2-codebook-clean-unregularized-gamma-0p1-50.json,9d771874fd8def4fed715c109e7c458ade18540cc2b2eb72a8c098f6a2772c45
20260919T171034534627Z_phase4-p2-codebook-clean-unregularized-gamma-0p1-150,2026-09-19T17:10:34+00:00,phase4_p2_codebook_clean_unregularized_gamma_0p1_150,logistic_classifier,stratified_seed_20260918_development_inner_cv,completed,0.1759777583791845,0.3968808157866404,0.8506216953388087,0.30838731266582214,0.5566005176876617,201.12390619999496,297.4123992919922,20260919T171034534627Z_phase4-p2-codebook-clean-unregularized-gamma-0p1-150.json,5d0e3af5939ae59ebbcad25e23acdfa7cef7ff04522381bc73350270f2b56e51
20260919T171034691608Z_phase4-p2-codebook-clean-unregularized-gamma-0p1-300,2026-09-19T17:10:34+00:00,phase4_p2_codebook_clean_unregularized_gamma_0p1_300,logistic_classifier,stratified_seed_20260918_development_inner_cv,completed,0.19560413378645147,0.40407199174955916,0.8635241592637177,0.32882126807082135,0.5239861949956859,201.2809588999953,297.4123992919922,20260919T171034691608Z_phase4-p2-codebook-clean-unregularized-gamma-0p1-300.json,00d72384913a4374ed73be71e0471f84bd56893973759937214e918b8dfbfa8b
20260919T171034842810Z_phase4-p2-codebook-clean-l2-0p001-gamma-0p1-300,2026-09-19T17:10:34+00:00,phase4_p2_codebook_clean_l2_0p001_gamma_0p1_300,regularized_logistic_classifier,stratified_seed_20260918_development_inner_cv,completed,0.19214122167886602,0.4039290926682082,0.8615318390296677,0.32581148646861197,0.5313201035375323,201.4321678999695,297.4123992919922,20260919T171034842810Z_phase4-p2-codebook-clean-l2-0p001-gamma-0p1-300.json,182ca1c7ca7aa35207445c828e0491b99a346031f27abd53e83e5e2f5b75ff74
20260919T171034983089Z_phase4-p2-codebook-clean-l2-0p01-gamma-0p1-300,2026-09-19T17:10:34+00:00,phase4_p2_codebook_clean_l2_0p01_gamma_0p1_300,regularized_logistic_classifier,stratified_seed_20260918_development_inner_cv,completed,0.17949881491062558,0.40121892442357626,0.8532882807381108,0.31364398745715744,0.5566436583261433,201.57242539996514,297.4123992919922,20260919T171034983089Z_phase4-p2-codebook-clean-l2-0p01-gamma-0p1-300.json,99e37f995a79cd8d2e0291ee8a20a856faa2583618414f5f25e366ac544df5aa
20260919T171249457615Z_phase4-p1-structural-exclusions-unregularized-gamma-0p1-extension-600,2026-09-19T17:12:49+00:00,phase4_p1_structural_exclusions_unregularized_gamma_0p1_extension_600,logistic_classifier,stratified_seed_20260918_development_inner_cv,completed,0.20100521707969776,0.4116343581241896,0.8634517805171652,0.3322205442068728,0.5409404659188956,69.74518269998953,296.4110107421875,20260919T171249457615Z_phase4-p1-structural-exclusions-unregularized-gamma-0p1-extension-600.json,1512970095ec63e07934c51fc0bede8d208f2a0fed3747ad9398eca3c7127b10
20260919T171457575059Z_phase4-p2-codebook-clean-unregularized-gamma-0p1-extension-600,2026-09-19T17:14:57+00:00,phase4_p2_codebook_clean_unregularized_gamma_0p1_extension_600,logistic_classifier,stratified_seed_20260918_development_inner_cv,completed,0.18215087022992105,0.41166364715437004,0.8564996114404132,0.32263513513513514,0.5685504745470233,128.10571949998848,297.4123992919922,20260919T171457575059Z_phase4-p2-codebook-clean-unregularized-gamma-0p1-extension-600.json,8f0af91df8daea381eedb635474c30bf88ac7719efde75d8a3b89e6762c0c204
20260919T171715885707Z_phase4-p1-structural-exclusions-unregularized-gamma-0p1-final-1000,2026-09-19T17:17:15+00:00,phase4_p1_structural_exclusions_unregularized_gamma_0p1_final_1000,logistic_classifier,stratified_seed_20260918_development_inner_cv,completed,0.1976315024668218,0.413752183801958,0.8644993676383196,0.33477356377020323,0.5415012942191545,112.00163939996855,296.4110107421875,20260919T171715885707Z_phase4-p1-structural-exclusions-unregularized-gamma-0p1-final-1000.json,b63ba419b2f64464e7076e9062848c372c9e89a8747021deda05e9a698a27e95
20260919T171917647273Z_phase4-p2-codebook-clean-unregularized-gamma-0p1-final-1000,2026-09-19T17:19:17+00:00,phase4_p2_codebook_clean_unregularized_gamma_0p1_final_1000,logistic_classifier,stratified_seed_20260918_development_inner_cv,completed,0.1955867331771176,0.4156003447590002,0.8656879028448656,0.3374515503875969,0.5408541846419327,121.75240609998582,297.4123992919922,20260919T171917647273Z_phase4-p2-codebook-clean-unregularized-gamma-0p1-final-1000.json,e537edc380254f206fbc0f6bebbb6185df3291d34bd0a7e0ced6c90512017b3d
20260919T172125445046Z_phase4-p2-codebook-clean-age-interactions-gamma-0p1-300,2026-09-19T17:21:25+00:00,phase4_p2_codebook_clean_age_interactions_gamma_0p1_300,logistic_classifier,stratified_seed_20260918_development_inner_cv,completed,0.1893002646040049,0.4050833738060547,0.8600118853520654,0.32420316144078776,0.539732528041415,123.78969910001615,301.41795349121094,20260919T172125445046Z_phase4-p2-codebook-clean-age-interactions-gamma-0p1-300.json,f0c75994326adff27b68b96ab3e7a23d9d93f655ab0efcefb3d33204268a657e
20260919T172125607142Z_phase4-p2-codebook-clean-age-interactions-gamma-0p1-1000,2026-09-19T17:21:25+00:00,phase4_p2_codebook_clean_age_interactions_gamma_0p1_1000,logistic_classifier,stratified_seed_20260918_development_inner_cv,completed,0.1831625169106052,0.41735439754774817,0.8588043031069529,0.32830468653394335,0.5726919758412424,123.95207499997923,301.41795349121094,20260919T172125607142Z_phase4-p2-codebook-clean-age-interactions-gamma-0p1-1000.json,f2e8f1a5a0bb699b68149dd52e21c844fdc83f552390d3c0ccf4209754a7bd22
20260919T172355436206Z_phase4-p2-codebook-clean-l2-0p001-gamma-0p1-final-1000,2026-09-19T17:23:55+00:00,phase4_p2_codebook_clean_l2_0p001_gamma_0p1_final_1000,regularized_logistic_classifier,stratified_seed_20260918_development_inner_cv,completed,0.1896201117609435,0.41459665021441866,0.8621946759717799,0.3317363718762139,0.5526315789473685,120.57028420001734,297.4123992919922,20260919T172355436206Z_phase4-p2-codebook-clean-l2-0p001-gamma-0p1-final-1000.json,8d988ba51196b6236b9f9e12cf8f0c01fe34cde534d4203cb6144864df76530e
20260919T172958070424Z_phase4-p2-codebook-clean-unregularized-gamma-0p2-500,2026-09-19T17:29:58+00:00,phase4_p2_codebook_clean_unregularized_gamma_0p2_500,logistic_classifier,stratified_seed_20260918_development_inner_cv,completed,0.19559369770341714,0.41558097132438254,0.8656879028448656,0.337442799461642,0.5408110440034513,119.32855159998871,297.4123992919922,20260919T172958070424Z_phase4-p2-codebook-clean-unregularized-gamma-0p2-500.json,81b7326de9db9585ae576a7f70588d7caaf94efa820abcb8cf4a703f3e768ede
20260919T172958225668Z_phase4-p2-codebook-clean-unregularized-gamma-0p2-1000,2026-09-19T17:29:58+00:00,phase4_p2_codebook_clean_unregularized_gamma_0p2_1000,logistic_classifier,stratified_seed_20260918_development_inner_cv,completed,0.19439302047019674,0.42026870127716043,0.866853581605132,0.3413904607922393,0.5465487489214841,119.32855159998871,297.4123992919922,20260919T172958225668Z_phase4-p2-codebook-clean-unregularized-gamma-0p2-1000.json,230176420e792b9115770cb703342a5b78d059be57a397e55bf12e80d2443019
20260919T173502703369Z_phase4-p2-codebook-clean-age-interactions-gamma-0p2-1000,2026-09-19T17:35:02+00:00,phase4_p2_codebook_clean_age_interactions_gamma_0p2_1000,logistic_classifier,stratified_seed_20260918_development_inner_cv,completed,0.19398781558305175,0.42140567689918385,0.8665945418806285,0.34148235420125317,0.5501725625539258,282.1931530999718,301.41795349121094,20260919T173502703369Z_phase4-p2-codebook-clean-age-interactions-gamma-0p2-1000.json,66123152d1d20e66450a5c348b333d339edc8ff593cfdf3d4e803fd68cf9d570
20260919T173707134325Z_phase4-p2-codebook-clean-l2-0p001-gamma-0p2-1000,2026-09-19T17:37:07+00:00,phase4_p2_codebook_clean_l2_0p001_gamma_0p2_1000,regularized_logistic_classifier,stratified_seed_20260918_development_inner_cv,completed,0.19031080865087102,0.41888126700666417,0.8641374739055572,0.3365538187626005,0.5545297670405522,119.32621709996602,297.4123992919922,20260919T173707134325Z_phase4-p2-codebook-clean-l2-0p001-gamma-0p2-1000.json,c5184ffd47039e36432df45868e5068d361683381206690fb98e9f41ab050d38
20260919T193358474281Z_phase4-p2-codebook-clean-unregularized-gamma-0p2-500,2026-09-19T19:33:58+00:00,phase4_p2_codebook_clean_unregularized_gamma_0p2_500,logistic_classifier,stratified_seed_20260918_development_inner_cv,completed,0.19559369770341714,0.41558097132438254,0.8656879028448656,0.337442799461642,0.5408110440034513,117.17896509997081,297.4123992919922,20260919T193358474281Z_phase4-p2-codebook-clean-unregularized-gamma-0p2-500.json,f06d88b873e701f6ad98e0f91683754194a1c41e1c183ba08fee25c4e0388996
20260919T193359009542Z_phase4-p2-codebook-clean-unregularized-gamma-0p2-1000,2026-09-19T19:33:59+00:00,phase4_p2_codebook_clean_unregularized_gamma_0p2_1000,logistic_classifier,stratified_seed_20260918_development_inner_cv,completed,0.19439302047019674,0.42026870127716043,0.866853581605132,0.3413904607922393,0.5465487489214841,117.17896509997081,297.4123992919922,20260919T193359009542Z_phase4-p2-codebook-clean-unregularized-gamma-0p2-1000.json,9ee64dc849e4a6940a239938a4fdc2aa54eb4e938f47bd5d3b4e51beee6820f8
20260919T193605685197Z_phase4-p2-codebook-clean-age-interactions-gamma-0p2-1000,2026-09-19T19:36:05+00:00,phase4_p2_codebook_clean_age_interactions_gamma_0p2_1000,logistic_classifier,stratified_seed_20260918_development_inner_cv,completed,0.19398781558305175,0.42140567689918385,0.8665945418806285,0.34148235420125317,0.5501725625539258,115.28596769995056,301.41795349121094,20260919T193605685197Z_phase4-p2-codebook-clean-age-interactions-gamma-0p2-1000.json,de77e74ed1386a7fb0eebd92746fa2677be163e9915a1288ae2d7f4751fb858b
20260919T200106135499Z_phase5-p2-codebook-clean-unregularized-gamma-0p2-convergence-1000,2026-09-19T20:01:06+00:00,phase5_p2_codebook_clean_unregularized_gamma_0p2_convergence_1000,logistic_classifier,stratified_seed_20260918_development_inner_cv,completed,0.19439302047019674,0.42026870127716043,0.866853581605132,0.3413904607922393,0.5465487489214841,470.9346387999831,297.4123992919922,20260919T200106135499Z_phase5-p2-codebook-clean-unregularized-gamma-0p2-convergence-1000.json,7ac2fca2daad208004667f132d33a564925c9ece1c1eadae1d0551c7f61149bb
20260919T200106648029Z_phase5-p2-codebook-clean-unregularized-gamma-0p2-convergence-2000,2026-09-19T20:01:06+00:00,phase5_p2_codebook_clean_unregularized_gamma_0p2_convergence_2000,logistic_classifier,stratified_seed_20260918_development_inner_cv,completed,0.19496454164256588,0.42358100530606096,0.8688154265774757,0.34606022481743837,0.5458584987057808,470.9346387999831,297.4123992919922,20260919T200106648029Z_phase5-p2-codebook-clean-unregularized-gamma-0p2-convergence-2000.json,3d8283bc1e3ef68a9375ec3b564bbe6b5c09c5c54ab70dfb1b4a84ff65ba729f
20260919T200918748892Z_phase5-p2-codebook-clean-unregularized-gamma-0p2-convergence-4000,2026-09-19T20:09:18+00:00,phase5_p2_codebook_clean_unregularized_gamma_0p2_convergence_4000,logistic_classifier,stratified_seed_20260918_development_inner_cv,completed,0.19694707835404482,0.4254887370628424,0.870586801164155,0.3499109924343569,0.542709232096635,470.9346387999831,297.4123992919922,20260919T200918748892Z_phase5-p2-codebook-clean-unregularized-gamma-0p2-convergence-4000.json,df5c7a9f7ad7fefa748e9bdf92dc3bd936ba65213fe66c21b5d120d1289266ae
20260919T202048547914Z_phase5-p2-codebook-clean-age-interactions-gamma-0p2-convergence-1000,2026-09-19T20:20:48+00:00,phase5_p2_codebook_clean_age_interactions_gamma_0p2_convergence_1000,logistic_classifier,stratified_seed_20260918_development_inner_cv,completed,0.19398781558305175,0.42140567689918385,0.8665945418806285,0.34148235420125317,0.5501725625539258,668.4358751000254,301.41795349121094,20260919T202048547914Z_phase5-p2-codebook-clean-age-interactions-gamma-0p2-convergence-1000.json,fa8fbe67a1309f2e883b4b78a2e5104121d5c0a12e279e57622f7e73a5d37f31
20260919T202049814217Z_phase5-p2-codebook-clean-age-interactions-gamma-0p2-convergence-2000,2026-09-19T20:20:49+00:00,phase5_p2_codebook_clean_age_interactions_gamma_0p2_convergence_2000,logistic_classifier,stratified_seed_20260918_development_inner_cv,completed,0.19243890776653275,0.4246310466211638,0.8673754704618526,0.34415601810924484,0.5542277825711821,668.4358751000254,301.41795349121094,20260919T202049814217Z_phase5-p2-codebook-clean-age-interactions-gamma-0p2-convergence-2000.json,1349cd5eeba0528854ea404e9879db72ca9fa08493e63f68cde6bb865e87eb98
20260919T203256926102Z_phase5-p2-codebook-clean-age-interactions-gamma-0p2-convergence-4000,2026-09-19T20:32:56+00:00,phase5_p2_codebook_clean_age_interactions_gamma_0p2_convergence_4000,logistic_classifier,stratified_seed_20260918_development_inner_cv,completed,0.19300357706124802,0.42623876679789374,0.8684192481752937,0.3465600605061992,0.5534943917169974,668.4358751000254,301.41795349121094,20260919T203256926102Z_phase5-p2-codebook-clean-age-interactions-gamma-0p2-convergence-4000.json,43c2d38a7ab85107fc7126f9cba7447ff7fba187d2e1e1443a84d7f4803e8753
20260919T210910262530Z_phase6-p2-codebook-clean-bphigh4-corrected-interactions-gamma-0p2-4000,2026-09-19T21:09:10+00:00,phase6_p2_codebook_clean_bphigh4_corrected_interactions_gamma_0p2_4000,logistic_classifier,stratified_seed_20260918_development_inner_cv,completed,0.19491214403946133,0.4263211637288873,0.8694477882578817,0.34831368472879454,0.5493528904227782,498.5445607000147,301.41795349121094,20260919T210910262530Z_phase6-p2-codebook-clean-bphigh4-corrected-interactions-gamma-0p2-4000.json,3d26ef680a731170d2d13ae83dbfbd340f61616b6f3ee7edaff65c937c422e66
20260920T094018491751Z_phase6-phase6-p3-semantic-nonlinear-semantic-nonlinear-gamma-0p2-4000,2026-09-20T09:40:18+00:00,phase6_phase6_p3_semantic_nonlinear_semantic_nonlinear_gamma_0p2_4000,logistic_classifier,stratified_seed_20260918_development_inner_cv,completed,0.19674884474543364,0.4253542936008348,0.8699392018528959,0.34873323397913564,0.5451251078515962,708.369199800014,343.4762725830078,20260920T094018491751Z_phase6-phase6-p3-semantic-nonlinear-semantic-nonlinear-gamma-0p2-4000.json,08a398e0c4d5e62764c5f05ee3fb9aede3d36a6b91e91f37f6ebd3ccf2b5ef9f
20260920T111540545185Z_phase7-p2-codebook-clean-ridge-lambda-0p0001,2026-09-20T11:15:40+00:00,phase7_p2_codebook_clean_ridge_lambda_0p0001,ridge_classifier_with_inner_oof_platt_calibration,stratified_seed_20260918_development_inner_cv,completed,,0.41950783283563026,0.8615242202142411,0.33302908141274307,0.5666522864538395,32.16753510001581,301.41795349121094,20260920T111540545185Z_phase7-p2-codebook-clean-ridge-lambda-0p0001.json,b17218cf9e141c416603632eb30e1354e6d75b3c7cd75d3d7ba73ad2b10aa397
20260920T111612333412Z_phase7-p2-codebook-clean-ridge-lambda-0p001,2026-09-20T11:16:12+00:00,phase7_p2_codebook_clean_ridge_lambda_0p001,ridge_classifier_with_inner_oof_platt_calibration,stratified_seed_20260918_development_inner_cv,completed,,0.41784606195350993,0.866339311563838,0.33948936399665686,0.5432269197584124,31.571022399992216,301.41795349121094,20260920T111612333412Z_phase7-p2-codebook-clean-ridge-lambda-0p001.json,5c81915f084cd88eedf72c6f1368bf52d4b3727f25f6ba94405af3c2fc7541f9
20260920T111644061550Z_phase7-p2-codebook-clean-ridge-lambda-0p01,2026-09-20T11:16:44+00:00,phase7_p2_codebook_clean_ridge_lambda_0p01,ridge_classifier_with_inner_oof_platt_calibration,stratified_seed_20260918_development_inner_cv,completed,,0.4177515365629386,0.8625070474042695,0.3336339508876807,0.5585849870578085,31.517639500030782,301.41795349121094,20260920T111644061550Z_phase7-p2-codebook-clean-ridge-lambda-0p01.json,7fcd6636b245ea0f18d1fbd46783de39c4d7afaf5b99481da06133800daa3e81
20260920T113608936798Z_phase7-p2-codebook-clean-bphigh4-corrected-interactions-gamma-0p2-nested-4000,2026-09-20T11:36:08+00:00,phase7_p2_codebook_clean_bphigh4_corrected_interactions_gamma_0p2_nested_4000,logistic_classifier,stratified_seed_20260918_development_inner_cv,completed,0.19491214403946133,0.4263211637288873,0.8694477882578817,0.34831368472879454,0.5493528904227782,592.0826591000077,301.41795349121094,20260920T113608936798Z_phase7-p2-codebook-clean-bphigh4-corrected-interactions-gamma-0p2-nested-4000.json,4ab46933cfcab982f451d9ddb5f636392dcf4a56b10e36954d22e3a5d02aa756
20260920T123100276499Z_boosting-benchmark-depth3-25trees-fold-1,2026-09-20T12:31:00+00:00,boosting_benchmark_depth3_25trees_fold_1,numpy_histogram_gradient_boosting,stratified_seed_20260918_development_inner_cv,completed,0.5,0.0007761966364812419,0.9117287407288893,1.0,0.0003882489970234244,24.405626700026914,373.9351692199707,20260920T123100276499Z_boosting-benchmark-depth3-25trees-fold-1.json,f819765ade36a9b6cb9fb2d7a5734233be3581f64355259091529a2826b715ad
20260920T123135045485Z_boosting-benchmark-depth5-25trees-fold-1,2026-09-20T12:31:35+00:00,boosting_benchmark_depth5_25trees_fold_1,numpy_histogram_gradient_boosting,stratified_seed_20260918_development_inner_cv,completed,0.5,0.021733571976476605,0.9125515696604688,0.8947368421052632,0.011000388248997024,34.72234259999823,373.9351692199707,20260920T123135045485Z_boosting-benchmark-depth5-25trees-fold-1.json,2b226ed9e228988eebf01e20fd3e85145e61ecaececeeef4d773d5570fc4fd57
20260920T125953224689Z_boosting-benchmark-depth5-100trees-fold-1,2026-09-20T12:59:53+00:00,boosting_benchmark_depth5_100trees_fold_1,numpy_histogram_gradient_boosting,stratified_seed_20260918_development_inner_cv,completed,0.5,0.19457664637520752,0.9168371370124453,0.6720183486238532,0.11375695612786334,1576.1391195000033,373.9351692199707,20260920T125953224689Z_boosting-benchmark-depth5-100trees-fold-1.json,5719aa22a7d68c887d52aa356c6d171a12f0e3e008da0e5009c3d6d68c359df9
20260920T130628168207Z_boosting-benchmark-histogram-v2-depth5-25trees-fold-1,2026-09-20T13:06:28+00:00,boosting_benchmark_histogram_v2_depth5_25trees_fold_1,numpy_histogram_gradient_boosting,stratified_seed_20260918_development_inner_cv,completed,0.5,0.006707081129885205,0.9119915888598106,1.0,0.003364824640869678,34.72292460000608,373.9351692199707,20260920T130628168207Z_boosting-benchmark-histogram-v2-depth5-25trees-fold-1.json,2976ecd021af4f06d93e3249508755714517ec60a747e830144c4e4f6c8b4f76
20260920T131647340263Z_phase9-phase9-p2-genhlth-categories-targeted-preprocessing-gamma-0p2-4000,2026-09-20T13:16:47+00:00,phase9_phase9_p2_genhlth_categories_targeted_preprocessing_gamma_0p2_4000,logistic_classifier,stratified_seed_20260918_development_inner_cv,completed,0.2032495476735043,0.42621251899958545,0.8734514757645482,0.3553980873372508,0.5322691975841243,489.4317901999457,305.4235076904297,20260920T131647340263Z_phase9-phase9-p2-genhlth-categories-targeted-preprocessing-gamma-0p2-4000.json,a6256545c38c9ba6e9f8be2e2f31b5988f6351173e2d3d147a3f73dda50da5bc
20260920T132402643320Z_phase9-phase9-p2-bphigh4-categories-targeted-preprocessing-gamma-0p2-4000,2026-09-20T13:24:02+00:00,phase9_phase9_p2_bphigh4_categories_targeted_preprocessing_gamma_0p2_4000,logistic_classifier,stratified_seed_20260918_development_inner_cv,completed,0.20524619238241748,0.42603797931888326,0.8746133451171012,0.35753797523926595,0.5270060396893874,434.7883675000048,303.4207305908203,20260920T132402643320Z_phase9-phase9-p2-bphigh4-categories-targeted-preprocessing-gamma-0p2-4000.json,0dbe5e9d164f5e6a0fe65e77fcfa2600f0717be17a0b7be60fe49f01d8fa4118
20260920T133151053052Z_phase9-phase9-p2-bphigh4-categories-age-targeted-preprocessing-gamma-0p2-4000,2026-09-20T13:31:51+00:00,phase9_phase9_p2_bphigh4_categories_age_targeted_preprocessing_gamma_0p2_4000,logistic_classifier,stratified_seed_20260918_development_inner_cv,completed,0.1940386384153807,0.4263224601427523,0.8689563746628675,0.34748803827751196,0.5514236410698878,467.8374419999891,306.4248962402344,20260920T133151053052Z_phase9-phase9-p2-bphigh4-categories-age-targeted-preprocessing-gamma-0p2-4000.json,c2689f97df9487dc9edf40543bf68c1f2fee5e48c2618c2e678dafa745a0bad9
20260920T133924261053Z_phase9-phase9-p2-diabete3-categories-targeted-preprocessing-gamma-0p2-4000,2026-09-20T13:39:24+00:00,phase9_phase9_p2_diabete3_categories_targeted_preprocessing_gamma_0p2_4000,logistic_classifier,stratified_seed_20260918_development_inner_cv,completed,0.19537850328138778,0.42580688362126695,0.8693373154341963,0.34790458474669,0.5486626402070751,452.61469189997297,303.4207305908203,20260920T133924261053Z_phase9-phase9-p2-diabete3-categories-targeted-preprocessing-gamma-0p2-4000.json,05a071af38ed0f01caf01598953d614920477f99171f555d4e79cc1501172da3
20260920T134701030727Z_phase9-phase9-p2-diabete3-categories-age-targeted-preprocessing-gamma-0p2-4000,2026-09-20T13:47:01+00:00,phase9_phase9_p2_diabete3_categories_age_targeted_preprocessing_gamma_0p2_4000,logistic_classifier,stratified_seed_20260918_development_inner_cv,completed,0.19419760066002542,0.4257963481274157,0.8687049537537903,0.34684073390511344,0.5512942191544434,456.1626918000402,306.4248962402344,20260920T134701030727Z_phase9-phase9-p2-diabete3-categories-age-targeted-preprocessing-gamma-0p2-4000.json,0ce4a634561004b968196430eb887c67bb7e21b68a93da8564ace89a932b3f3c
20260920T135417280485Z_phase9-phase9-p2-genhlth-categories-age-targeted-preprocessing-gamma-0p2-4000,2026-09-20T13:54:17+00:00,phase9_phase9_p2_genhlth_categories_age_targeted_preprocessing_gamma_0p2_4000,logistic_classifier,stratified_seed_20260918_development_inner_cv,completed,0.20157692681414568,0.4263072592339845,0.8719010468252396,0.3525892479187244,0.5389991371872304,435.73274900001707,309.42906188964844,20260920T135417280485Z_phase9-phase9-p2-genhlth-categories-age-targeted-preprocessing-gamma-0p2-4000.json,385ae8d4eac3c7d30bee289568786e9d682ad591252bface6d4d0194038f1c4b
20260920T162543173160Z_phase10-boosting-screen-depth3-100trees,2026-09-20T16:25:43+00:00,phase10_boosting_screen_depth3_100trees,numpy_histogram_gradient_boosting,stratified_seed_20260918_development_inner_cv,completed,0.18923428794407207,0.43149839545791163,0.8684040105444405,0.34880936543833974,0.5655737704918032,2546.1257063999656,295.4096221923828,20260920T162543173160Z_phase10-boosting-screen-depth3-100trees.json,3e142b1594cc9d388e930cc43937f00f8c2c3088d7c480088f5259174904f2be
20260920T162543301525Z_phase10-boosting-screen-depth3-200trees,2026-09-20T16:25:43+00:00,phase10_boosting_screen_depth3_200trees,numpy_histogram_gradient_boosting,stratified_seed_20260918_development_inner_cv,completed,0.20459799255558447,0.4378275287366197,0.8753599890289058,0.363810285257417,0.5496548748921484,2546.1257063999656,295.4096221923828,20260920T162543301525Z_phase10-boosting-screen-depth3-200trees.json,0f531b7dd839885b8a7529fe3a5a90dc28f98f16d94e3a2e2afe8e816ef81a5e
20260920T162543427602Z_phase10-boosting-screen-depth3-400trees,2026-09-20T16:25:43+00:00,phase10_boosting_screen_depth3_400trees,numpy_histogram_gradient_boosting,stratified_seed_20260918_development_inner_cv,completed,0.2093782881199542,0.4417564897930891,0.8772837399241166,0.3691710594913978,0.5498705780845556,2546.1257063999656,295.4096221923828,20260920T162543427602Z_phase10-boosting-screen-depth3-400trees.json,f3d879fe7ef9b571479392864fd9ebd300749fffe359980e4228ca8238c54179
20260920T162543553384Z_phase10-boosting-screen-depth5-100trees,2026-09-20T16:25:43+00:00,phase10_boosting_screen_depth5_100trees,numpy_histogram_gradient_boosting,stratified_seed_20260918_development_inner_cv,completed,0.20526760212215714,0.43602431298690186,0.8745219193319823,0.36147622427253373,0.5493097497842968,2546.1257063999656,295.4096221923828,20260920T162543553384Z_phase10-boosting-screen-depth5-100trees.json,cc5bfaffa6bf0a7c88998906dc0e19098771b504c35f680c287e17406e0c9a73
20260920T162543682423Z_phase10-boosting-screen-depth5-200trees,2026-09-20T16:25:43+00:00,phase10_boosting_screen_depth5_200trees,numpy_histogram_gradient_boosting,stratified_seed_20260918_development_inner_cv,completed,0.22370694039490607,0.4400014461838823,0.8819921678577415,0.3786794448938951,0.5250215703192407,2546.1257063999656,295.4096221923828,20260920T162543682423Z_phase10-boosting-screen-depth5-200trees.json,83561191d3517c7b613b7f58c9e17f4542e2a81ec1a5769c6f9a461dda9644be
20260920T162543814180Z_phase10-boosting-screen-depth5-400trees,2026-09-20T16:25:43+00:00,phase10_boosting_screen_depth5_400trees,numpy_histogram_gradient_boosting,stratified_seed_20260918_development_inner_cv,completed,0.20519596492061323,0.44178352506507684,0.8733790970179957,0.36169393647738207,0.5674288179465056,2546.1257063999656,295.4096221923828,20260920T162543814180Z_phase10-boosting-screen-depth5-400trees.json,fa10cf5ee6d28c976ee735829fa94a69c268dff196b47f3405f816d4f5c99d3f
20260920T224504311286Z_phase11-boosting-depth-feature-grid-depth3-features64-100trees,2026-09-20T22:45:04+00:00,phase11_boosting_depth_feature_grid_depth3_features64_100trees,numpy_histogram_gradient_boosting,stratified_seed_20260918_development_inner_cv,completed,0.18923428794407207,0.43149839545791163,0.8684040105444405,0.34880936543833974,0.5655737704918032,17270.365649299987,295.4096221923828,20260920T224504311286Z_phase11-boosting-depth-feature-grid-depth3-features64-100trees.json,7e818bb06407bfa3f21897925c3f8c56b04acfe4088b65d33151b7304aa1c755
20260920T224504595784Z_phase11-boosting-depth-feature-grid-depth3-features64-200trees,2026-09-20T22:45:04+00:00,phase11_boosting_depth_feature_grid_depth3_features64_200trees,numpy_histogram_gradient_boosting,stratified_seed_20260918_development_inner_cv,completed,0.20459799255558447,0.4378275287366197,0.8753599890289058,0.363810285257417,0.5496548748921484,17270.365649299987,295.4096221923828,20260920T224504595784Z_phase11-boosting-depth-feature-grid-depth3-features64-200trees.json,d809e0835231c3a00a81e5e5862c4d4f001446ac7539515dac183f8a4e3a5a5e
20260920T224504888818Z_phase11-boosting-depth-feature-grid-depth3-features64-400trees,2026-09-20T22:45:04+00:00,phase11_boosting_depth_feature_grid_depth3_features64_400trees,numpy_histogram_gradient_boosting,stratified_seed_20260918_development_inner_cv,completed,0.2093782881199542,0.4417564897930891,0.8772837399241166,0.3691710594913978,0.5498705780845556,17270.365649299987,295.4096221923828,20260920T224504888818Z_phase11-boosting-depth-feature-grid-depth3-features64-400trees.json,32567dcd32a887b0fc931aede474e0de371e0d8414501c54e66cc83612bff913
20260920T224505170460Z_phase11-boosting-depth-feature-grid-depth3-features128-100trees,2026-09-20T22:45:05+00:00,phase11_boosting_depth_feature_grid_depth3_features128_100trees,numpy_histogram_gradient_boosting,stratified_seed_20260918_development_inner_cv,completed,0.19046587565649215,0.43224003725633686,0.8699620582991756,0.3517215244694673,0.5605694564279551,17270.365649299987,295.4096221923828,20260920T224505170460Z_phase11-boosting-depth-feature-grid-depth3-features128-100trees.json,03242387e08842252db7f63dcfad41f0096187d52ffc0343ad0203605f0ea387
20260920T224505474136Z_phase11-boosting-depth-feature-grid-depth3-features128-200trees,2026-09-20T22:45:05+00:00,phase11_boosting_depth_feature_grid_depth3_features128_200trees,numpy_histogram_gradient_boosting,stratified_seed_20260918_development_inner_cv,completed,0.21138923994023445,0.4381935392961567,0.8784951315769424,0.3702744537715068,0.5366264020707506,17270.365649299987,295.4096221923828,20260920T224505474136Z_phase11-boosting-depth-feature-grid-depth3-features128-200trees.json,dd5d8453a24d4512fa0d811f562f9c71312d5fc01249019a6f8c5cf095d4a2da
20260920T224505815800Z_phase11-boosting-depth-feature-grid-depth3-features128-400trees,2026-09-20T22:45:05+00:00,phase11_boosting_depth_feature_grid_depth3_features128_400trees,numpy_histogram_gradient_boosting,stratified_seed_20260918_development_inner_cv,completed,0.21929237372585492,0.4412715517241379,0.8814893260395874,0.378,0.5299827437446074,17270.365649299987,295.4096221923828,20260920T224505815800Z_phase11-boosting-depth-feature-grid-depth3-features128-400trees.json,be2a8ec26b98a344dc26bd6ef7052572ed711f04b3410431ba960843948c4c72
20260920T224506131402Z_phase11-boosting-depth-feature-grid-depth5-features64-100trees,2026-09-20T22:45:06+00:00,phase11_boosting_depth_feature_grid_depth5_features64_100trees,numpy_histogram_gradient_boosting,stratified_seed_20260918_development_inner_cv,completed,0.20526760212215714,0.43602431298690186,0.8745219193319823,0.36147622427253373,0.5493097497842968,17270.365649299987,295.4096221923828,20260920T224506131402Z_phase11-boosting-depth-feature-grid-depth5-features64-100trees.json,53325d82134284be3fa7aa1731296d71a5ee01909a865c6ee0539693084162b8
20260920T224506430088Z_phase11-boosting-depth-feature-grid-depth5-features64-200trees,2026-09-20T22:45:06+00:00,phase11_boosting_depth_feature_grid_depth5_features64_200trees,numpy_histogram_gradient_boosting,stratified_seed_20260918_development_inner_cv,completed,0.22370694039490607,0.4400014461838823,0.8819921678577415,0.3786794448938951,0.5250215703192407,17270.365649299987,295.4096221923828,20260920T224506430088Z_phase11-boosting-depth-feature-grid-depth5-features64-200trees.json,ee69a81d28f84dec316c14f2bfcc07997db93614e90e59599799f5207b4fdc08
20260920T224506715490Z_phase11-boosting-depth-feature-grid-depth5-features64-400trees,2026-09-20T22:45:06+00:00,phase11_boosting_depth_feature_grid_depth5_features64_400trees,numpy_histogram_gradient_boosting,stratified_seed_20260918_development_inner_cv,completed,0.20519596492061323,0.44178352506507684,0.8733790970179957,0.36169393647738207,0.5674288179465056,17270.365649299987,295.4096221923828,20260920T224506715490Z_phase11-boosting-depth-feature-grid-depth5-features64-400trees.json,5df78590ba2af7434f563ff5d7023c540d8a3858a692fc7ab10bb5d2a6b53e67
20260920T224507002735Z_phase11-boosting-depth-feature-grid-depth5-features128-100trees,2026-09-20T22:45:07+00:00,phase11_boosting_depth_feature_grid_depth5_features128_100trees,numpy_histogram_gradient_boosting,stratified_seed_20260918_development_inner_cv,completed,0.21524723833111448,0.4381595157748139,0.8801293674859433,0.3737776830048436,0.5293356341673857,17270.365649299987,295.4096221923828,20260920T224507002735Z_phase11-boosting-depth-feature-grid-depth5-features128-100trees.json,694f5357392354d910f6a623308adf59ae9575eed1decb766e422da0bbd9c311
20260920T224507334897Z_phase11-boosting-depth-feature-grid-depth5-features128-200trees,2026-09-20T22:45:07+00:00,phase11_boosting_depth_feature_grid_depth5_features128_200trees,numpy_histogram_gradient_boosting,stratified_seed_20260918_development_inner_cv,completed,0.20639517242278635,0.4414213197969543,0.8742438325689121,0.3631403118040089,0.5627264883520277,17270.365649299987,295.4096221923828,20260920T224507334897Z_phase11-boosting-depth-feature-grid-depth5-features128-200trees.json,3388170d99c344fc081441bc56214fcb836cd300feb6e57354d6c6036dede76a
20260920T224507675969Z_phase11-boosting-depth-feature-grid-depth5-features128-400trees,2026-09-20T22:45:07+00:00,phase11_boosting_depth_feature_grid_depth5_features128_400trees,numpy_histogram_gradient_boosting,stratified_seed_20260918_development_inner_cv,completed,0.22983937171849916,0.44288418769643617,0.8845330428025051,0.38581996349313097,0.5197584124245039,17270.365649299987,295.4096221923828,20260920T224507675969Z_phase11-boosting-depth-feature-grid-depth5-features128-400trees.json,b2c6415d688ae61e9464c980d046e2b24386fad584ceff49afa9bbc0dec96e71
20260921T011234480383Z_phase13-boosting-canonical-derived-depth5-features128-200trees,2026-09-21T01:12:34+00:00,phase13_boosting_canonical_derived_depth5_features128_200trees,numpy_histogram_gradient_boosting,stratified_seed_20260918_development_inner_cv,completed,0.20264738012638533,0.4412462808812222,0.8726591189601841,0.36017573541450637,0.5694132873166523,3211.3760624999995,278.3860168457031,20260921T011234480383Z_phase13-boosting-canonical-derived-depth5-features128-200trees.json,b661f87b4daacfe85a517e2c9ec1afc0185d7865064ba6a038cb7c1d4dce4c71
20260921T105139261213Z_phase14-boosting-codebook-corrections-only-depth5-features128-200trees,2026-09-21T10:51:39+00:00,phase14_boosting_codebook_corrections_only_depth5_features128_200trees,numpy_histogram_gradient_boosting,stratified_seed_20260918_development_inner_cv,completed,0.2063122738273742,0.44207786060821214,0.8742704984229052,0.3634544292186675,0.564106988783434,2796.847221300006,295.4096221923828,20260921T105139261213Z_phase14-boosting-codebook-corrections-only-depth5-features128-200trees.json,880dfd1f3de3c7fe82084c84b10c76cbcd23b81cff470f86c7677155cfb471ad
20260921T154905753681Z_phase15-boosting-ablate-harehab1-depth5-features128-200trees,2026-09-21T15:49:05+00:00,phase15_boosting_ablate_harehab1_depth5_features128_200trees,numpy_histogram_gradient_boosting,stratified_seed_20260918_development_inner_cv,completed,0.21471309432757033,0.43328441950798446,0.8749485729958706,0.3611742696790905,0.5413718723037101,2708.4310350789992,294.4082336425781,20260921T154905753681Z_phase15-boosting-ablate-harehab1-depth5-features128-200trees.json,28b4435ce52fabdc90e84e23dc777985448bb839a0b13feba142717b80eab510
