feature,group,rows,positive_rows,negative_rows,true_negative,false_positive,false_negative,true_positive,false_negative_rate,false_positive_rate
_AGE80,18-44,70160,876,69284,69057,227,786,90,0.8972602739726028,0.003276369724611743
_AGE80,45-54,42835,2037,40798,39635,1163,1386,651,0.6804123711340206,0.02850629932839845
_AGE80,55-64,58814,5012,53802,49567,4235,2727,2285,0.5440941739824421,0.07871454592766068
_AGE80,65+,90699,15255,75444,59122,16322,6081,9174,0.39862340216322517,0.2163458989449128
_BMI5,25-<30,87570,8125,79445,71998,7447,3846,4279,0.4733538461538462,0.09373780602932846
_BMI5,30-<35,43501,4807,38694,33931,4763,2078,2729,0.4322862492198877,0.12309401974466326
_BMI5,35+,27595,3302,24293,20748,3545,1355,1947,0.4103573591762568,0.14592681019223644
_BMI5,<25,82187,5634,76553,71429,5124,2918,2716,0.5179268725594605,0.06693401956814234
_BMI5,missing,21655,1312,20343,19275,1068,783,529,0.5967987804878049,0.052499631322813746
PHYSHLTH,0 days,163506,9634,153872,146188,7684,6069,3565,0.6299564044010795,0.04993761048143912
PHYSHLTH,1-13 days,58801,5422,53379,48502,4877,2683,2739,0.4948358539284397,0.09136551827497705
PHYSHLTH,14-29 days,14362,2575,11787,8998,2789,818,1757,0.31766990291262137,0.2366166115211674
PHYSHLTH,30 days,25838,5549,20289,13692,6597,1410,4139,0.25409983780861417,0.32515155995859824
MENTHLTH,0 days,179536,15024,164512,150874,13638,7652,7372,0.509318423855165,0.0828997276794398
MENTHLTH,1-13 days,52508,3944,48564,44804,3760,1842,2102,0.4670385395537525,0.07742360596326497
MENTHLTH,14-29 days,13124,1586,11538,9911,1627,595,991,0.3751576292559899,0.14101230715895302
MENTHLTH,30 days,17340,2626,14714,11792,2922,891,1735,0.3392993145468393,0.19858638031806441
BPHIGH4,1: Yes,105481,17182,88299,69909,18390,6655,10527,0.3873239436619718,0.20826962932762547
BPHIGH4,"2: Yes, but female told only during pregnancy",1940,58,1882,1855,27,43,15,0.7413793103448276,0.014346439957492029
BPHIGH4,3: No,151719,5689,146030,142643,3387,4102,1587,0.72104060467569,0.02319386427446415
BPHIGH4,4: Told borderline high or pre-hypertensive,2611,169,2442,2343,99,136,33,0.8047337278106509,0.04054054054054054
BPHIGH4,7: Don't know/Not Sure,513,73,440,404,36,37,36,0.5068493150684932,0.08181818181818182
BPHIGH4,9: Refused,244,9,235,227,8,7,2,0.7777777777777778,0.03404255319148936
DIABETE3,1: Yes,33872,7464,26408,17808,8600,2161,5303,0.2895230439442658,0.32565889124507724
DIABETE3,2: Documented value (label omitted),2106,90,2016,1957,59,51,39,0.5666666666666667,0.029265873015873016
DIABETE3,3: Documented value (label omitted),221603,14899,206704,194036,12668,8410,6489,0.5644674139203973,0.06128570322780401
DIABETE3,4: Documented value (label omitted),4560,677,3883,3309,574,334,343,0.4933530280649926,0.1478238475405614
DIABETE3,7: Documented value (label omitted),306,44,262,219,43,21,23,0.4772727272727273,0.16412213740458015
SMOKE100,1: Yes,109317,13489,95828,81730,14098,5366,8123,0.39780561939357995,0.14711775264014693
SMOKE100,2: Documented value (label omitted),142751,8890,133861,126626,7235,5191,3699,0.5839145106861642,0.05404860265499287
SMOKE100,7: Documented value (label omitted),1072,110,962,850,112,40,70,0.36363636363636365,0.11642411642411643
SMOKE100,9: Documented value (label omitted),872,55,817,764,53,34,21,0.6181818181818182,0.06487148102815178
SMOKE100,missing,8496,636,7860,7411,449,349,287,0.5487421383647799,0.057124681933842236
GENHLTH,1: Excellent,45464,919,44545,44416,129,851,68,0.926006528835691,0.002895947917835896
GENHLTH,2: Very good,86578,3657,82921,81254,1667,2995,662,0.8189773038009297,0.020103471979353842
GENHLTH,3: Good,81536,7531,74005,67215,6790,4344,3187,0.5768158279112999,0.09175055739477063
GENHLTH,4: Fair,34676,6662,28014,19818,8196,2172,4490,0.3260282197538277,0.292568001713429
GENHLTH,5: Poor,13543,4309,9234,4112,5122,551,3758,0.12787189603156185,0.5546891921160927
GENHLTH,7: Don’t know/Not Sure,457,69,388,358,30,41,28,0.5942028985507246,0.07731958762886598
GENHLTH,9: Refused,252,33,219,206,13,26,7,0.7878787878787878,0.0593607305936073
EMPLOY1,1: Employed for wages,107133,3391,103742,102291,1451,2713,678,0.8000589796520201,0.013986620655086657
EMPLOY1,2: Self-employed,21827,1202,20625,19915,710,830,372,0.6905158069883528,0.03442424242424243
EMPLOY1,3: Out of work for 1 year or more,5610,493,5117,4711,406,283,210,0.5740365111561866,0.07934336525307797
EMPLOY1,4: Out of work for less than 1 year,5403,257,5146,4976,170,179,78,0.6964980544747081,0.033035367275553826
EMPLOY1,5: A homemaker,16111,1031,15080,14239,841,599,432,0.5809893307468477,0.05576923076923077
EMPLOY1,6: A student,6928,51,6877,6859,18,46,5,0.9019607843137255,0.0026174203867965684
EMPLOY1,7: Retired,78482,12679,65803,51997,13806,5057,7622,0.3988484896285196,0.2098080634621522
EMPLOY1,8: Unable to work,18764,3928,14836,10404,4432,1190,2738,0.3029531568228106,0.2987328120787274
EMPLOY1,9: Refused,2250,148,2102,1989,113,83,65,0.5608108108108109,0.053758325404376785
INCOME2,"1: Less than $10,000",10861,1432,9429,7885,1544,553,879,0.3861731843575419,0.16375013256973167
INCOME2,"2: Less than $15,000 ($10,000 to less than $15,000)",11564,1892,9672,7568,2104,589,1303,0.31131078224101477,0.21753515301902399
INCOME2,"3: Less than $20,000 ($15,000 to less than $20,000)",15785,2073,13712,11424,2288,797,1276,0.3844669561022672,0.16686114352392065
INCOME2,"4: Less than $25,000 ($20,000 to less than $25,000)",19188,2304,16884,14420,2464,945,1359,0.41015625,0.14593698175787728
INCOME2,"5: Less than $35,000 ($25,000 to less than $35,000)",23354,2517,20837,18346,2491,1123,1394,0.4461660707191101,0.11954695973508662
INCOME2,"6: Less than $50,000 ($35,000 to less than $50,000)",31050,2746,28304,25719,2585,1315,1431,0.4788783685360524,0.09132984737139627
INCOME2,77: Don’t know/Not sure,20707,2160,18547,16356,2191,936,1224,0.43333333333333335,0.11813231250336982
INCOME2,"7: Less than $75,000 ($50,000 to less than $75,000)",34711,2429,32282,30245,2037,1327,1102,0.546315356113627,0.06310017966668732
INCOME2,"8: $75,000 or more",68975,3336,65639,63456,2183,2202,1134,0.6600719424460432,0.0332576669358156
INCOME2,99: Refused,24366,2169,22197,20229,1968,1117,1052,0.5149838635315813,0.08866062981483984
INCOME2,missing,1947,122,1825,1733,92,76,46,0.6229508196721312,0.05041095890410959
