feature_pair,group,fold,rows,positive_rows,negative_rows,false_negative,false_positive,false_negative_rate,false_positive_rate
_AGE80 × BPHIGH4,18-44 | 1: Yes,1,3280,146,3134,110,84,0.7534246575342466,0.026802807913209957
_AGE80 × BPHIGH4,18-44 | 1: Yes,2,3289,151,3138,122,71,0.8079470198675497,0.02262587635436584
_AGE80 × BPHIGH4,18-44 | 1: Yes,3,3395,153,3242,104,98,0.6797385620915033,0.030228254164096236
_AGE80 × BPHIGH4,"18-44 | 2: Yes, but female told only during pregnancy",1,413,7,406,6,0,0.8571428571428571,0.0
_AGE80 × BPHIGH4,"18-44 | 2: Yes, but female told only during pregnancy",2,419,2,417,2,0,1.0,0.0
_AGE80 × BPHIGH4,"18-44 | 2: Yes, but female told only during pregnancy",3,399,6,393,6,0,1.0,0.0
_AGE80 × BPHIGH4,18-44 | 3: No,1,19495,146,19349,143,7,0.9794520547945206,0.00036177580236704737
_AGE80 × BPHIGH4,18-44 | 3: No,2,19290,122,19168,117,13,0.9590163934426229,0.0006782136894824708
_AGE80 × BPHIGH4,18-44 | 3: No,3,19582,130,19452,124,12,0.9538461538461539,0.0006169031462060457
_AGE80 × BPHIGH4,18-44 | 4: Told borderline high or pre-hypertensive,1,170,4,166,3,0,0.75,0.0
_AGE80 × BPHIGH4,18-44 | 4: Told borderline high or pre-hypertensive,2,141,3,138,3,0,1.0,0.0
_AGE80 × BPHIGH4,18-44 | 4: Told borderline high or pre-hypertensive,3,149,4,145,4,0,1.0,0.0
_AGE80 × BPHIGH4,18-44 | 7: Don't know/Not Sure,1,46,0,46,0,0,,0.0
_AGE80 × BPHIGH4,18-44 | 7: Don't know/Not Sure,2,42,1,41,0,0,0.0,0.0
_AGE80 × BPHIGH4,18-44 | 7: Don't know/Not Sure,3,33,1,32,1,0,1.0,0.0
_AGE80 × BPHIGH4,45-54 | 1: Yes,1,4570,476,4094,262,331,0.5504201680672269,0.08085002442598925
_AGE80 × BPHIGH4,45-54 | 1: Yes,2,4674,457,4217,236,359,0.5164113785557987,0.0851316101493953
_AGE80 × BPHIGH4,45-54 | 1: Yes,3,4630,446,4184,234,442,0.5246636771300448,0.10564053537284895
_AGE80 × BPHIGH4,"45-54 | 2: Yes, but female told only during pregnancy",1,98,4,94,4,1,1.0,0.010638297872340425
_AGE80 × BPHIGH4,"45-54 | 2: Yes, but female told only during pregnancy",2,87,3,84,2,0,0.6666666666666666,0.0
_AGE80 × BPHIGH4,"45-54 | 2: Yes, but female told only during pregnancy",3,82,5,77,5,1,1.0,0.012987012987012988
_AGE80 × BPHIGH4,45-54 | 3: No,1,9435,198,9237,167,51,0.8434343434343434,0.005521273140630075
_AGE80 × BPHIGH4,45-54 | 3: No,2,9480,223,9257,191,54,0.8565022421524664,0.005833423355298693
_AGE80 × BPHIGH4,45-54 | 3: No,3,9202,200,9002,166,56,0.83,0.006220839813374806
_AGE80 × BPHIGH4,45-54 | 4: Told borderline high or pre-hypertensive,1,157,9,148,8,4,0.8888888888888888,0.02702702702702703
_AGE80 × BPHIGH4,45-54 | 4: Told borderline high or pre-hypertensive,2,156,8,148,7,2,0.875,0.013513513513513514
_AGE80 × BPHIGH4,45-54 | 4: Told borderline high or pre-hypertensive,3,153,3,150,3,1,1.0,0.006666666666666667
_AGE80 × BPHIGH4,55-64 | 1: Yes,1,8994,1247,7747,568,1143,0.45549318364073776,0.14754098360655737
_AGE80 × BPHIGH4,55-64 | 1: Yes,2,8970,1264,7706,608,1057,0.4810126582278481,0.13716584479626265
_AGE80 × BPHIGH4,55-64 | 1: Yes,3,8964,1179,7785,487,1250,0.41306191687871074,0.16056518946692358
_AGE80 × BPHIGH4,"55-64 | 2: Yes, but female told only during pregnancy",1,75,4,71,0,4,0.0,0.056338028169014086
_AGE80 × BPHIGH4,"55-64 | 2: Yes, but female told only during pregnancy",2,86,4,82,4,1,1.0,0.012195121951219513
_AGE80 × BPHIGH4,"55-64 | 2: Yes, but female told only during pregnancy",3,53,2,51,0,1,0.0,0.0196078431372549
_AGE80 × BPHIGH4,55-64 | 3: No,1,10264,424,9840,313,175,0.7382075471698113,0.017784552845528455
_AGE80 × BPHIGH4,55-64 | 3: No,2,10255,433,9822,355,161,0.8198614318706697,0.016391773569537773
_AGE80 × BPHIGH4,55-64 | 3: No,3,10288,410,9878,320,197,0.7804878048780488,0.019943308362016604
_AGE80 × BPHIGH4,55-64 | 4: Told borderline high or pre-hypertensive,1,239,10,229,5,5,0.5,0.021834061135371178
_AGE80 × BPHIGH4,55-64 | 4: Told borderline high or pre-hypertensive,2,232,11,221,8,8,0.7272727272727273,0.03619909502262444
_AGE80 × BPHIGH4,55-64 | 4: Told borderline high or pre-hypertensive,3,222,10,212,9,7,0.9,0.0330188679245283
_AGE80 × BPHIGH4,65+ | 1: Yes,1,18300,3870,14430,1237,4459,0.31963824289405685,0.309009009009009
_AGE80 × BPHIGH4,65+ | 1: Yes,2,18233,3864,14369,1219,4305,0.31547619047619047,0.2996033126870346
_AGE80 × BPHIGH4,65+ | 1: Yes,3,18182,3929,14253,1173,4523,0.2985492491728175,0.31733670104539397
_AGE80 × BPHIGH4,"65+ | 2: Yes, but female told only during pregnancy",1,75,5,70,3,4,0.6,0.05714285714285714
_AGE80 × BPHIGH4,"65+ | 2: Yes, but female told only during pregnancy",2,66,9,57,7,1,0.7777777777777778,0.017543859649122806
_AGE80 × BPHIGH4,"65+ | 2: Yes, but female told only during pregnancy",3,87,7,80,5,6,0.7142857142857143,0.075
_AGE80 × BPHIGH4,65+ | 3: No,1,11343,1118,10225,659,978,0.5894454382826476,0.09564792176039119
_AGE80 × BPHIGH4,65+ | 3: No,2,11498,1119,10379,637,908,0.5692582663092046,0.08748434338568263
_AGE80 × BPHIGH4,65+ | 3: No,3,11587,1166,10421,673,900,0.5771869639794168,0.08636407254582094
_AGE80 × BPHIGH4,65+ | 4: Told borderline high or pre-hypertensive,1,323,34,289,19,33,0.5588235294117647,0.11418685121107267
_AGE80 × BPHIGH4,65+ | 4: Told borderline high or pre-hypertensive,2,352,27,325,21,32,0.7777777777777778,0.09846153846153846
_AGE80 × BPHIGH4,65+ | 4: Told borderline high or pre-hypertensive,3,317,46,271,25,36,0.5434782608695652,0.13284132841328414
_AGE80 × BPHIGH4,65+ | 7: Don't know/Not Sure,1,82,17,65,8,13,0.47058823529411764,0.2
_AGE80 × BPHIGH4,65+ | 7: Don't know/Not Sure,2,91,20,71,8,9,0.4,0.1267605633802817
_AGE80 × BPHIGH4,65+ | 7: Don't know/Not Sure,3,72,19,53,3,13,0.15789473684210525,0.24528301886792453
BPHIGH4 × GENHLTH,1: Yes | 1: Excellent,1,2824,153,2671,121,53,0.7908496732026143,0.019842755522276302
BPHIGH4 × GENHLTH,1: Yes | 1: Excellent,2,2809,188,2621,153,43,0.8138297872340425,0.016405951926745516
BPHIGH4 × GENHLTH,1: Yes | 1: Excellent,3,2803,161,2642,143,41,0.8881987577639752,0.015518546555639667
BPHIGH4 × GENHLTH,1: Yes | 2: Very good,1,9645,776,8869,571,548,0.7358247422680413,0.061788251212087045
BPHIGH4 × GENHLTH,1: Yes | 2: Very good,2,9557,794,8763,593,445,0.7468513853904282,0.05078169576629008
BPHIGH4 × GENHLTH,1: Yes | 2: Very good,3,9433,789,8644,568,447,0.7198986058301647,0.051712170291531696
BPHIGH4 × GENHLTH,1: Yes | 3: Good,1,12635,1899,10736,972,1825,0.5118483412322274,0.16998882265275708
BPHIGH4 × GENHLTH,1: Yes | 3: Good,2,12562,1845,10717,896,1694,0.4856368563685637,0.1580666231221424
BPHIGH4 × GENHLTH,1: Yes | 3: Good,3,12715,1819,10896,822,2035,0.4518966465090709,0.18676578560939794
BPHIGH4 × GENHLTH,1: Yes | 4: Fair,1,6996,1749,5247,420,2336,0.24013722126929674,0.4452067848294263
BPHIGH4 × GENHLTH,1: Yes | 4: Fair,2,7053,1706,5347,419,2310,0.2456037514654162,0.4320179539928932
BPHIGH4 × GENHLTH,1: Yes | 4: Fair,3,6978,1745,5233,362,2387,0.20744985673352437,0.4561437034206
BPHIGH4 × GENHLTH,1: Yes | 5: Poor,1,2926,1134,1792,83,1227,0.07319223985890652,0.6847098214285714
BPHIGH4 × GENHLTH,1: Yes | 5: Poor,2,3068,1183,1885,118,1260,0.09974640743871513,0.6684350132625995
BPHIGH4 × GENHLTH,1: Yes | 5: Poor,3,3122,1168,1954,96,1367,0.0821917808219178,0.6995905834186285
BPHIGH4 × GENHLTH,1: Yes | 7: Don’t know/Not Sure,1,72,17,55,4,16,0.23529411764705882,0.2909090909090909
BPHIGH4 × GENHLTH,1: Yes | 7: Don’t know/Not Sure,2,81,12,69,4,31,0.3333333333333333,0.4492753623188406
BPHIGH4 × GENHLTH,1: Yes | 7: Don’t know/Not Sure,3,83,20,63,5,23,0.25,0.36507936507936506
BPHIGH4 × GENHLTH,1: Yes | 9: Refused,1,46,11,35,6,12,0.5454545454545454,0.34285714285714286
BPHIGH4 × GENHLTH,1: Yes | 9: Refused,2,36,8,28,2,9,0.25,0.32142857142857145
BPHIGH4 × GENHLTH,1: Yes | 9: Refused,3,37,5,32,2,13,0.4,0.40625
BPHIGH4 × GENHLTH,"2: Yes, but female told only during pregnancy | 1: Excellent",1,113,3,110,3,0,1.0,0.0
BPHIGH4 × GENHLTH,"2: Yes, but female told only during pregnancy | 1: Excellent",2,95,1,94,1,0,1.0,0.0
BPHIGH4 × GENHLTH,"2: Yes, but female told only during pregnancy | 1: Excellent",3,114,5,109,5,0,1.0,0.0
BPHIGH4 × GENHLTH,"2: Yes, but female told only during pregnancy | 2: Very good",1,254,1,253,1,0,1.0,0.0
BPHIGH4 × GENHLTH,"2: Yes, but female told only during pregnancy | 2: Very good",2,254,3,251,3,0,1.0,0.0
BPHIGH4 × GENHLTH,"2: Yes, but female told only during pregnancy | 2: Very good",3,207,3,204,3,0,1.0,0.0
BPHIGH4 × GENHLTH,"2: Yes, but female told only during pregnancy | 3: Good",1,206,4,202,3,2,0.75,0.009900990099009901
BPHIGH4 × GENHLTH,"2: Yes, but female told only during pregnancy | 3: Good",2,225,6,219,5,0,0.8333333333333334,0.0
BPHIGH4 × GENHLTH,"2: Yes, but female told only during pregnancy | 3: Good",3,220,9,211,7,2,0.7777777777777778,0.009478672985781991
BPHIGH4 × GENHLTH,"2: Yes, but female told only during pregnancy | 4: Fair",1,71,8,63,4,2,0.5,0.031746031746031744
BPHIGH4 × GENHLTH,"2: Yes, but female told only during pregnancy | 4: Fair",2,69,4,65,4,1,1.0,0.015384615384615385
BPHIGH4 × GENHLTH,"2: Yes, but female told only during pregnancy | 4: Fair",3,65,1,64,1,4,1.0,0.0625
BPHIGH4 × GENHLTH,3: No | 1: Excellent,1,12257,135,12122,129,4,0.9555555555555556,0.00032997855139415937
BPHIGH4 × GENHLTH,3: No | 1: Excellent,2,12013,122,11891,113,5,0.9262295081967213,0.00042048608191068876
BPHIGH4 × GENHLTH,3: No | 1: Excellent,3,11981,130,11851,124,6,0.9538461538461539,0.0005062863893342334
BPHIGH4 × GENHLTH,3: No | 2: Very good,1,18491,406,18085,372,107,0.916256157635468,0.005916505391208184
BPHIGH4 × GENHLTH,3: No | 2: Very good,2,18759,438,18321,397,73,0.906392694063927,0.00398449866273675
BPHIGH4 × GENHLTH,3: No | 2: Very good,3,18756,400,18356,359,86,0.8975,0.00468511658313358
BPHIGH4 × GENHLTH,3: No | 3: Good,1,13954,624,13330,443,407,0.7099358974358975,0.030532633158289572
BPHIGH4 × GENHLTH,3: No | 3: Good,2,13894,608,13286,456,360,0.75,0.027096191479753125
BPHIGH4 × GENHLTH,3: No | 3: Good,3,14036,642,13394,484,286,0.7538940809968847,0.021352844557264446
BPHIGH4 × GENHLTH,3: No | 4: Fair,1,4371,475,3896,255,437,0.5368421052631579,0.11216632443531828
BPHIGH4 × GENHLTH,3: No | 4: Fair,2,4298,458,3840,236,398,0.5152838427947598,0.10364583333333334
BPHIGH4 × GENHLTH,3: No | 4: Fair,3,4344,447,3897,218,474,0.48769574944071586,0.1216320246343341
BPHIGH4 × GENHLTH,3: No | 5: Poor,1,1365,242,1123,82,250,0.33884297520661155,0.2226179875333927
BPHIGH4 × GENHLTH,3: No | 5: Poor,2,1445,260,1185,90,295,0.34615384615384615,0.2489451476793249
BPHIGH4 × GENHLTH,3: No | 5: Poor,3,1425,277,1148,92,301,0.33212996389891697,0.2621951219512195
BPHIGH4 × GENHLTH,3: No | 7: Don’t know/Not Sure,1,62,4,58,1,4,0.25,0.06896551724137931
BPHIGH4 × GENHLTH,3: No | 7: Don’t know/Not Sure,2,72,7,65,5,4,0.7142857142857143,0.06153846153846154
BPHIGH4 × GENHLTH,3: No | 7: Don’t know/Not Sure,3,69,5,64,3,11,0.6,0.171875
BPHIGH4 × GENHLTH,3: No | 9: Refused,1,35,0,35,0,2,,0.05714285714285714
BPHIGH4 × GENHLTH,3: No | 9: Refused,2,42,4,38,3,1,0.75,0.02631578947368421
BPHIGH4 × GENHLTH,3: No | 9: Refused,3,48,5,43,3,1,0.6,0.023255813953488372
BPHIGH4 × GENHLTH,4: Told borderline high or pre-hypertensive | 1: Excellent,1,125,6,119,4,0,0.6666666666666666,0.0
BPHIGH4 × GENHLTH,4: Told borderline high or pre-hypertensive | 1: Excellent,2,131,3,128,3,0,1.0,0.0
BPHIGH4 × GENHLTH,4: Told borderline high or pre-hypertensive | 1: Excellent,3,106,7,99,6,0,0.8571428571428571,0.0
BPHIGH4 × GENHLTH,4: Told borderline high or pre-hypertensive | 2: Very good,1,337,9,328,7,2,0.7777777777777778,0.006097560975609756
BPHIGH4 × GENHLTH,4: Told borderline high or pre-hypertensive | 2: Very good,2,345,12,333,11,5,0.9166666666666666,0.015015015015015015
BPHIGH4 × GENHLTH,4: Told borderline high or pre-hypertensive | 2: Very good,3,335,13,322,12,7,0.9230769230769231,0.021739130434782608
BPHIGH4 × GENHLTH,4: Told borderline high or pre-hypertensive | 3: Good,1,291,17,274,13,15,0.7647058823529411,0.05474452554744526
BPHIGH4 × GENHLTH,4: Told borderline high or pre-hypertensive | 3: Good,2,274,16,258,13,14,0.8125,0.05426356589147287
BPHIGH4 × GENHLTH,4: Told borderline high or pre-hypertensive | 3: Good,3,273,20,253,13,15,0.65,0.05928853754940711
BPHIGH4 × GENHLTH,4: Told borderline high or pre-hypertensive | 4: Fair,1,102,19,83,9,15,0.47368421052631576,0.18072289156626506
BPHIGH4 × GENHLTH,4: Told borderline high or pre-hypertensive | 4: Fair,2,96,10,86,6,14,0.6,0.16279069767441862
BPHIGH4 × GENHLTH,4: Told borderline high or pre-hypertensive | 4: Fair,3,96,15,81,6,13,0.4,0.16049382716049382
BPHIGH4 × GENHLTH,7: Don't know/Not Sure | 2: Very good,1,42,5,37,5,1,1.0,0.02702702702702703
BPHIGH4 × GENHLTH,7: Don't know/Not Sure | 2: Very good,2,51,2,49,2,1,1.0,0.02040816326530612
BPHIGH4 × GENHLTH,7: Don't know/Not Sure | 2: Very good,3,34,5,29,3,1,0.6,0.034482758620689655
BPHIGH4 × GENHLTH,7: Don't know/Not Sure | 3: Good,1,60,7,53,3,5,0.42857142857142855,0.09433962264150944
BPHIGH4 × GENHLTH,7: Don't know/Not Sure | 3: Good,2,65,5,60,4,2,0.8,0.03333333333333333
BPHIGH4 × GENHLTH,7: Don't know/Not Sure | 3: Good,3,49,6,43,2,7,0.3333333333333333,0.16279069767441862
BPHIGH4 × GENHLTH,7: Don't know/Not Sure | 4: Fair,1,34,3,31,0,8,0.0,0.25806451612903225
BPHIGH4 × GENHLTH,7: Don't know/Not Sure | 4: Fair,2,37,12,25,5,7,0.4166666666666667,0.28
BPHIGH4 × GENHLTH,7: Don't know/Not Sure | 4: Fair,3,36,9,27,2,4,0.2222222222222222,0.14814814814814814
BPHIGH4 × DIABETE3,1: Yes | 1: Yes,1,8448,2105,6343,528,2408,0.2508313539192399,0.3796310893898786
BPHIGH4 × DIABETE3,1: Yes | 1: Yes,2,8388,2104,6284,539,2345,0.2561787072243346,0.3731699554423934
BPHIGH4 × DIABETE3,1: Yes | 1: Yes,3,8309,2066,6243,414,2466,0.20038722168441434,0.39500240269101394
BPHIGH4 × DIABETE3,1: Yes | 2: Documented value (label omitted),1,221,19,202,12,10,0.631578947368421,0.04950495049504951
BPHIGH4 × DIABETE3,1: Yes | 2: Documented value (label omitted),2,208,24,184,11,10,0.4583333333333333,0.05434782608695652
BPHIGH4 × DIABETE3,1: Yes | 2: Documented value (label omitted),3,215,20,195,6,16,0.3,0.08205128205128205
BPHIGH4 × DIABETE3,1: Yes | 3: Documented value (label omitted),1,25467,3434,22033,1573,3408,0.45806639487478157,0.1546770752961467
BPHIGH4 × DIABETE3,1: Yes | 3: Documented value (label omitted),2,25564,3414,22150,1561,3225,0.45723491505565317,0.1455981941309255
BPHIGH4 × DIABETE3,1: Yes | 3: Documented value (label omitted),3,25649,3442,22207,1512,3620,0.43927948866937827,0.16301166298914757
BPHIGH4 × DIABETE3,1: Yes | 4: Documented value (label omitted),1,951,168,783,61,182,0.3630952380952381,0.23243933588761176
BPHIGH4 × DIABETE3,1: Yes | 4: Documented value (label omitted),2,941,182,759,69,197,0.3791208791208791,0.2595520421607378
BPHIGH4 × DIABETE3,1: Yes | 4: Documented value (label omitted),3,932,169,763,63,197,0.3727810650887574,0.2581913499344692
BPHIGH4 × DIABETE3,1: Yes | 7: Documented value (label omitted),1,50,13,37,3,9,0.23076923076923078,0.24324324324324326
BPHIGH4 × DIABETE3,1: Yes | 7: Documented value (label omitted),2,61,11,50,5,14,0.45454545454545453,0.28
BPHIGH4 × DIABETE3,1: Yes | 7: Documented value (label omitted),3,58,7,51,2,14,0.2857142857142857,0.27450980392156865
BPHIGH4 × DIABETE3,"2: Yes, but female told only during pregnancy | 1: Yes",1,48,6,42,4,5,0.6666666666666666,0.11904761904761904
BPHIGH4 × DIABETE3,"2: Yes, but female told only during pregnancy | 1: Yes",2,34,3,31,3,1,1.0,0.03225806451612903
BPHIGH4 × DIABETE3,"2: Yes, but female told only during pregnancy | 1: Yes",3,43,3,40,2,4,0.6666666666666666,0.1
BPHIGH4 × DIABETE3,"2: Yes, but female told only during pregnancy | 2: Documented value (label omitted)",1,54,2,52,1,1,0.5,0.019230769230769232
BPHIGH4 × DIABETE3,"2: Yes, but female told only during pregnancy | 2: Documented value (label omitted)",2,43,2,41,1,1,0.5,0.024390243902439025
BPHIGH4 × DIABETE3,"2: Yes, but female told only during pregnancy | 2: Documented value (label omitted)",3,54,2,52,1,0,0.5,0.0
BPHIGH4 × DIABETE3,"2: Yes, but female told only during pregnancy | 3: Documented value (label omitted)",1,555,11,544,7,3,0.6363636363636364,0.0055147058823529415
BPHIGH4 × DIABETE3,"2: Yes, but female told only during pregnancy | 3: Documented value (label omitted)",2,566,13,553,11,0,0.8461538461538461,0.0
BPHIGH4 × DIABETE3,"2: Yes, but female told only during pregnancy | 3: Documented value (label omitted)",3,515,14,501,13,4,0.9285714285714286,0.007984031936127744
BPHIGH4 × DIABETE3,3: No | 1: Yes,1,2706,361,2345,181,365,0.5013850415512465,0.15565031982942432
BPHIGH4 × DIABETE3,3: No | 1: Yes,2,2838,391,2447,200,331,0.5115089514066496,0.13526767470371884
BPHIGH4 × DIABETE3,3: No | 1: Yes,3,2750,379,2371,168,345,0.44327176781002636,0.14550822437789962
BPHIGH4 × DIABETE3,3: No | 2: Documented value (label omitted),1,406,7,399,7,0,1.0,0.0
BPHIGH4 × DIABETE3,3: No | 2: Documented value (label omitted),2,433,8,425,7,5,0.875,0.011764705882352941
BPHIGH4 × DIABETE3,3: No | 2: Documented value (label omitted),3,456,5,451,4,1,0.8,0.0022172949002217295
BPHIGH4 × DIABETE3,3: No | 3: Documented value (label omitted),1,46870,1464,45406,1060,814,0.7240437158469946,0.0179271461921332
BPHIGH4 × DIABETE3,3: No | 3: Documented value (label omitted),2,46722,1456,45266,1069,774,0.7342032967032966,0.01709892634648522
BPHIGH4 × DIABETE3,3: No | 3: Documented value (label omitted),3,46866,1473,45393,1081,789,0.7338764426340801,0.017381534597845482
BPHIGH4 × DIABETE3,3: No | 4: Documented value (label omitted),1,506,49,457,30,28,0.6122448979591837,0.061269146608315096
BPHIGH4 × DIABETE3,3: No | 4: Documented value (label omitted),2,492,40,452,23,24,0.575,0.05309734513274336
BPHIGH4 × DIABETE3,3: No | 4: Documented value (label omitted),3,525,43,482,25,24,0.5813953488372093,0.04979253112033195
BPHIGH4 × DIABETE3,3: No | 7: Documented value (label omitted),1,41,4,37,3,4,0.75,0.10810810810810811
BPHIGH4 × DIABETE3,3: No | 7: Documented value (label omitted),2,34,2,32,1,2,0.5,0.0625
BPHIGH4 × DIABETE3,3: No | 7: Documented value (label omitted),3,53,6,47,5,5,0.8333333333333334,0.10638297872340426
BPHIGH4 × DIABETE3,4: Told borderline high or pre-hypertensive | 1: Yes,1,69,6,63,1,15,0.16666666666666666,0.23809523809523808
BPHIGH4 × DIABETE3,4: Told borderline high or pre-hypertensive | 1: Yes,2,65,8,57,6,10,0.75,0.17543859649122806
BPHIGH4 × DIABETE3,4: Told borderline high or pre-hypertensive | 1: Yes,3,67,12,55,4,9,0.3333333333333333,0.16363636363636364
BPHIGH4 × DIABETE3,4: Told borderline high or pre-hypertensive | 3: Documented value (label omitted),1,748,44,704,30,20,0.6818181818181818,0.028409090909090908
BPHIGH4 × DIABETE3,4: Told borderline high or pre-hypertensive | 3: Documented value (label omitted),2,765,36,729,28,31,0.7777777777777778,0.04252400548696845
BPHIGH4 × DIABETE3,4: Told borderline high or pre-hypertensive | 3: Documented value (label omitted),3,710,43,667,32,29,0.7441860465116279,0.043478260869565216
BPHIGH4 × DIABETE3,4: Told borderline high or pre-hypertensive | 4: Documented value (label omitted),1,65,7,58,4,7,0.5714285714285714,0.1206896551724138
BPHIGH4 × DIABETE3,4: Told borderline high or pre-hypertensive | 4: Documented value (label omitted),2,48,5,43,5,1,1.0,0.023255813953488372
BPHIGH4 × DIABETE3,4: Told borderline high or pre-hypertensive | 4: Documented value (label omitted),3,56,8,48,5,6,0.625,0.125
BPHIGH4 × DIABETE3,7: Don't know/Not Sure | 3: Documented value (label omitted),1,141,14,127,8,8,0.5714285714285714,0.06299212598425197
BPHIGH4 × DIABETE3,7: Don't know/Not Sure | 3: Documented value (label omitted),2,152,16,136,9,6,0.5625,0.04411764705882353
BPHIGH4 × DIABETE3,7: Don't know/Not Sure | 3: Documented value (label omitted),3,121,21,100,5,8,0.23809523809523808,0.08
BPHIGH4 × DIABETE3,9: Refused | 3: Documented value (label omitted),1,75,4,71,3,2,0.75,0.028169014084507043
BPHIGH4 × DIABETE3,9: Refused | 3: Documented value (label omitted),2,70,0,70,0,2,,0.02857142857142857
BPHIGH4 × DIABETE3,9: Refused | 3: Documented value (label omitted),3,47,0,47,0,2,,0.0425531914893617
_AGE80 × GENHLTH,18-44 | 1: Excellent,1,5525,23,5502,20,0,0.8695652173913043,0.0
_AGE80 × GENHLTH,18-44 | 1: Excellent,2,5275,21,5254,19,0,0.9047619047619048,0.0
_AGE80 × GENHLTH,18-44 | 1: Excellent,3,5409,23,5386,23,1,1.0,0.0001856665428889714
_AGE80 × GENHLTH,18-44 | 2: Very good,1,8442,38,8404,38,1,1.0,0.00011899095668729176
_AGE80 × GENHLTH,18-44 | 2: Very good,2,8509,45,8464,44,0,0.9777777777777777,0.0
_AGE80 × GENHLTH,18-44 | 2: Very good,3,8519,51,8468,51,2,1.0,0.00023618327822390176
_AGE80 × GENHLTH,18-44 | 3: Good,1,7016,104,6912,99,9,0.9519230769230769,0.0013020833333333333
_AGE80 × GENHLTH,18-44 | 3: Good,2,6937,88,6849,86,4,0.9772727272727273,0.0005840268652358008
_AGE80 × GENHLTH,18-44 | 3: Good,3,7094,88,7006,79,11,0.8977272727272727,0.0015700827861832715
_AGE80 × GENHLTH,18-44 | 4: Fair,1,1957,92,1865,79,42,0.8586956521739131,0.022520107238605896
_AGE80 × GENHLTH,18-44 | 4: Fair,2,1968,66,1902,54,43,0.8181818181818182,0.02260778128286015
_AGE80 × GENHLTH,18-44 | 4: Fair,3,2020,81,1939,61,33,0.7530864197530864,0.01701908200103146
_AGE80 × GENHLTH,18-44 | 5: Poor,1,436,46,390,26,39,0.5652173913043478,0.1
_AGE80 × GENHLTH,18-44 | 5: Poor,2,460,59,401,41,36,0.6949152542372882,0.08977556109725686
_AGE80 × GENHLTH,18-44 | 5: Poor,3,483,49,434,23,63,0.46938775510204084,0.14516129032258066
_AGE80 × GENHLTH,45-54 | 1: Excellent,1,2816,26,2790,23,0,0.8846153846153846,0.0
_AGE80 × GENHLTH,45-54 | 1: Excellent,2,2632,32,2600,26,0,0.8125,0.0
_AGE80 × GENHLTH,45-54 | 1: Excellent,3,2549,20,2529,18,1,0.9,0.00039541320680110717
_AGE80 × GENHLTH,45-54 | 2: Very good,1,4751,100,4651,90,4,0.9,0.0008600301010535369
_AGE80 × GENHLTH,45-54 | 2: Very good,2,4945,90,4855,80,2,0.8888888888888888,0.00041194644696189496
_AGE80 × GENHLTH,45-54 | 2: Very good,3,4683,82,4601,77,5,0.9390243902439024,0.0010867202782003911
_AGE80 × GENHLTH,45-54 | 3: Good,1,4188,175,4013,158,47,0.9028571428571428,0.01171193620732619
_AGE80 × GENHLTH,45-54 | 3: Good,2,4273,188,4085,164,31,0.8723404255319149,0.007588739290085679
_AGE80 × GENHLTH,45-54 | 3: Good,3,4271,168,4103,142,51,0.8452380952380952,0.012429929320009749
_AGE80 × GENHLTH,45-54 | 4: Fair,1,1796,224,1572,133,169,0.59375,0.10750636132315522
_AGE80 × GENHLTH,45-54 | 4: Fair,2,1797,194,1603,118,194,0.6082474226804123,0.12102308172177167
_AGE80 × GENHLTH,45-54 | 4: Fair,3,1773,207,1566,119,210,0.5748792270531401,0.13409961685823754
_AGE80 × GENHLTH,45-54 | 5: Poor,1,711,161,550,36,166,0.2236024844720497,0.3018181818181818
_AGE80 × GENHLTH,45-54 | 5: Poor,2,771,187,584,49,184,0.2620320855614973,0.3150684931506849
_AGE80 × GENHLTH,45-54 | 5: Poor,3,788,176,612,52,231,0.29545454545454547,0.37745098039215685
_AGE80 × GENHLTH,55-64 | 1: Excellent,1,3155,48,3107,45,1,0.9375,0.000321853878339234
_AGE80 × GENHLTH,55-64 | 1: Excellent,2,3221,63,3158,58,1,0.9206349206349206,0.00031665611146295124
_AGE80 × GENHLTH,55-64 | 1: Excellent,3,3138,55,3083,54,3,0.9818181818181818,0.0009730781706130393
_AGE80 × GENHLTH,55-64 | 2: Very good,1,6364,209,6155,193,14,0.9234449760765551,0.002274573517465475
_AGE80 × GENHLTH,55-64 | 2: Very good,2,6275,232,6043,217,16,0.9353448275862069,0.0026476915439351315
_AGE80 × GENHLTH,55-64 | 2: Very good,3,6420,199,6221,187,18,0.9396984924623115,0.0028934254942935217
_AGE80 × GENHLTH,55-64 | 3: Good,1,5912,478,5434,368,254,0.7698744769874477,0.04674273095325727
_AGE80 × GENHLTH,55-64 | 3: Good,2,5880,491,5389,391,180,0.7963340122199593,0.03340137316756356
_AGE80 × GENHLTH,55-64 | 3: Good,3,5896,465,5431,335,245,0.7204301075268817,0.04511139753268275
_AGE80 × GENHLTH,55-64 | 4: Fair,1,2843,554,2289,215,609,0.388086642599278,0.26605504587155965
_AGE80 × GENHLTH,55-64 | 4: Fair,2,2880,541,2339,231,583,0.4269870609981516,0.24925181701581872
_AGE80 × GENHLTH,55-64 | 4: Fair,3,2825,511,2314,174,716,0.3405088062622309,0.3094209161624892
_AGE80 × GENHLTH,55-64 | 5: Poor,1,1297,390,907,63,443,0.16153846153846155,0.4884233737596472
_AGE80 × GENHLTH,55-64 | 5: Poor,2,1293,383,910,77,442,0.2010443864229765,0.4857142857142857
_AGE80 × GENHLTH,55-64 | 5: Poor,3,1257,370,887,64,471,0.17297297297297298,0.5310033821871477
_AGE80 × GENHLTH,65+ | 1: Excellent,1,3854,201,3653,169,56,0.8407960199004975,0.015329865863673693
_AGE80 × GENHLTH,65+ | 1: Excellent,2,3955,199,3756,168,48,0.8442211055276382,0.012779552715654952
_AGE80 × GENHLTH,65+ | 1: Excellent,3,3935,208,3727,183,42,0.8798076923076923,0.011269117252481888
_AGE80 × GENHLTH,65+ | 2: Very good,1,9238,850,8388,635,639,0.7470588235294118,0.07618025751072961
_AGE80 × GENHLTH,65+ | 2: Very good,2,9266,882,8384,665,506,0.753968253968254,0.060353053435114504
_AGE80 × GENHLTH,65+ | 2: Very good,3,9166,879,8287,631,516,0.7178612059158134,0.06226620007240256
_AGE80 × GENHLTH,65+ | 3: Good,1,10065,1798,8267,812,1945,0.45161290322580644,0.2352727712592234
_AGE80 × GENHLTH,65+ | 3: Good,2,9955,1713,8242,733,1856,0.42790426152948047,0.22518806115020626
_AGE80 × GENHLTH,65+ | 3: Good,3,10049,1775,8274,772,2041,0.4349295774647887,0.2466763355088228
_AGE80 × GENHLTH,65+ | 4: Fair,1,4991,1385,3606,261,1980,0.1884476534296029,0.5490848585690515
_AGE80 × GENHLTH,65+ | 4: Fair,2,4916,1389,3527,267,1911,0.19222462203023757,0.5418202438332861
_AGE80 × GENHLTH,65+ | 4: Fair,3,4910,1418,3492,235,1923,0.16572637517630465,0.5506872852233677
_AGE80 × GENHLTH,65+ | 5: Poor,1,1919,791,1128,46,847,0.05815423514538559,0.750886524822695
_AGE80 × GENHLTH,65+ | 5: Poor,2,2054,832,1222,49,905,0.05889423076923077,0.7405891980360065
_AGE80 × GENHLTH,65+ | 5: Poor,3,2074,865,1209,54,918,0.06242774566473988,0.7593052109181141
_AGE80 × GENHLTH,65+ | 7: Don’t know/Not Sure,1,67,16,51,1,13,0.0625,0.2549019607843137
_AGE80 × GENHLTH,65+ | 7: Don’t know/Not Sure,2,87,17,70,7,25,0.4117647058823529,0.35714285714285715
_AGE80 × GENHLTH,65+ | 7: Don’t know/Not Sure,3,86,17,69,3,30,0.17647058823529413,0.43478260869565216
_AGE80 × GENHLTH,65+ | 9: Refused,1,30,6,24,3,10,0.5,0.4166666666666667
_AGE80 × GENHLTH,65+ | 9: Refused,2,35,8,27,3,7,0.375,0.25925925925925924
_AGE80 × GENHLTH,65+ | 9: Refused,3,46,6,40,2,11,0.3333333333333333,0.275
