feature,group,rows,positive_rows,negative_rows,boosting_false_negatives,logistic_false_negatives,boosting_false_positives,logistic_false_positives,both_false_negatives,both_false_positives,boosting_only_false_negatives,boosting_only_false_positives,boosting_far_false_negatives,boosting_far_false_positives,boosting_false_negative_rate,logistic_false_negative_rate,boosting_false_positive_rate,logistic_false_positive_rate
_AGE80,18-44,70160,876,69284,745,786,285,227,733,160,12,125,624,118,0.8504566210045662,0.8972602739726028,0.00411350383927025,0.003276369724611743
_AGE80,45-54,42835,2037,40798,1289,1386,1303,1163,1236,926,53,377,891,548,0.632793323514973,0.6804123711340206,0.0319378400902005,0.02850629932839845
_AGE80,55-64,58814,5012,53802,2686,2727,4018,4235,2469,3319,217,699,1560,1784,0.5359138068635275,0.5440941739824421,0.07468123861566485,0.07871454592766068
_AGE80,65+,90699,15255,75444,5699,6081,16229,16322,5097,13507,602,2722,2245,7406,0.37358243198951163,0.39862340216322517,0.21511319654313132,0.2163458989449128
_BMI5,25-<30,87570,8125,79445,3589,3846,7631,7447,3288,6192,301,1439,1794,3492,0.44172307692307694,0.4733538461538462,0.09605387374913463,0.09373780602932846
_BMI5,30-<35,43501,4807,38694,1994,2078,4652,4763,1798,3893,196,759,956,2098,0.4148117328895361,0.4322862492198877,0.120225357936631,0.12309401974466326
_BMI5,35+,27595,3302,24293,1303,1355,3466,3545,1166,2907,137,559,611,1632,0.3946093276801938,0.4103573591762568,0.1426748446054419,0.14592681019223644
_BMI5,<25,82187,5634,76553,2774,2918,5067,5124,2576,4104,198,963,1512,2228,0.4923677671281505,0.5179268725594605,0.06618943738325082,0.06693401956814234
_BMI5,missing,21655,1312,20343,759,783,1019,1068,707,816,52,203,447,406,0.5785060975609756,0.5967987804878049,0.05009094037260974,0.052499631322813746
PHYSHLTH,0 days,163506,9634,153872,5869,6069,7542,7684,5454,5893,415,1649,3271,2697,0.6091965953913224,0.6299564044010795,0.04901476551939274,0.04993761048143912
PHYSHLTH,1-13 days,58801,5422,53379,2493,2683,4908,4877,2297,3998,196,910,1281,2202,0.4597934341571376,0.4948358539284397,0.09194627100545158,0.09136551827497705
PHYSHLTH,14-29 days,14362,2575,11787,741,818,2832,2789,664,2366,77,466,297,1407,0.2877669902912621,0.31766990291262137,0.24026469839653855,0.2366166115211674
PHYSHLTH,30 days,25838,5549,20289,1316,1410,6553,6597,1120,5655,196,898,471,3550,0.2371598486213732,0.25409983780861417,0.32298289713637934,0.32515155995859824
MENTHLTH,0 days,179536,15024,164512,7221,7652,13666,13638,6656,11068,565,2598,3688,5885,0.48063099041533547,0.509318423855165,0.08306992802956623,0.0828997276794398
MENTHLTH,1-13 days,52508,3944,48564,1761,1842,3702,3760,1610,3072,151,630,959,1672,0.44650101419878296,0.4670385395537525,0.07622930565851248,0.07742360596326497
MENTHLTH,14-29 days,13124,1586,11538,561,595,1602,1627,509,1343,52,259,281,806,0.3537200504413619,0.3751576292559899,0.13884555382215288,0.14101230715895302
MENTHLTH,30 days,17340,2626,14714,876,891,2865,2922,760,2429,116,436,392,1493,0.3335872048743336,0.3392993145468393,0.19471251868968328,0.19858638031806441
BPHIGH4,1: Yes,105481,17182,88299,6360,6655,18122,18390,5656,15281,704,2841,2652,8569,0.37015481317658017,0.3873239436619718,0.20523448736678784,0.20826962932762547
BPHIGH4,"2: Yes, but female told only during pregnancy",1940,58,1882,44,43,19,27,42,17,2,2,33,10,0.7586206896551724,0.7413793103448276,0.010095642933049946,0.014346439957492029
BPHIGH4,3: No,151719,5689,146030,3865,4102,3512,3387,3694,2495,171,1017,2547,1206,0.6793812620847249,0.72104060467569,0.024049852769978772,0.02319386427446415
BPHIGH4,4: Told borderline high or pre-hypertensive,2611,169,2442,115,136,128,99,111,83,4,45,71,50,0.6804733727810651,0.8047337278106509,0.05241605241605242,0.04054054054054054
BPHIGH4,7: Don't know/Not Sure,513,73,440,29,37,45,36,26,30,3,15,15,19,0.3972602739726027,0.5068493150684932,0.10227272727272728,0.08181818181818182
BPHIGH4,9: Refused,244,9,235,6,7,9,8,6,6,0,3,2,2,0.6666666666666666,0.7777777777777778,0.03829787234042553,0.03404255319148936
DIABETE3,1: Yes,33872,7464,26408,2058,2161,8327,8600,1737,7182,321,1145,744,4159,0.2757234726688103,0.2895230439442658,0.3153211148136928,0.32565889124507724
DIABETE3,2: Documented value (label omitted),2106,90,2016,51,51,44,59,45,38,6,6,30,19,0.5666666666666667,0.5666666666666667,0.021825396825396824,0.029265873015873016
DIABETE3,3: Documented value (label omitted),221603,14899,206704,8002,8410,12745,12668,7466,10171,536,2574,4405,5358,0.5370830257064233,0.5644674139203973,0.06165821658023067,0.06128570322780401
DIABETE3,4: Documented value (label omitted),4560,677,3883,286,334,668,574,266,481,20,187,131,295,0.4224519940915805,0.4933530280649926,0.17203193407159412,0.1478238475405614
DIABETE3,7: Documented value (label omitted),306,44,262,19,21,48,43,18,38,1,10,10,24,0.4318181818181818,0.4772727272727273,0.183206106870229,0.16412213740458015
SMOKE100,1: Yes,109317,13489,95828,5094,5366,13923,14098,4569,11726,525,2197,2383,6798,0.37764104084809846,0.39780561939357995,0.1452915640522603,0.14711775264014693
SMOKE100,2: Documented value (label omitted),142751,8890,133861,4934,5191,7241,7235,4598,5668,336,1573,2715,2773,0.5550056242969629,0.5839145106861642,0.05409342526949597,0.05404860265499287
SMOKE100,7: Documented value (label omitted),1072,110,962,42,40,108,112,35,85,7,23,22,38,0.38181818181818183,0.36363636363636365,0.11226611226611227,0.11642411642411643
SMOKE100,9: Documented value (label omitted),872,55,817,33,34,47,53,31,41,2,6,23,22,0.6,0.6181818181818182,0.05752753977968176,0.06487148102815178
SMOKE100,missing,8496,636,7860,316,349,516,449,302,392,14,124,177,225,0.4968553459119497,0.5487421383647799,0.06564885496183206,0.057124681933842236
GENHLTH,1: Excellent,45464,919,44545,806,851,153,129,796,82,10,71,628,24,0.8770402611534276,0.926006528835691,0.0034347289258053653,0.002895947917835896
GENHLTH,2: Very good,86578,3657,82921,2908,2995,1723,1667,2789,1166,119,557,1827,298,0.7951873120043752,0.8189773038009297,0.020778813569542094,0.020103471979353842
GENHLTH,3: Good,81536,7531,74005,4139,4344,6674,6790,3773,5199,366,1475,2021,2493,0.549595007303147,0.5768158279112999,0.09018309573677455,0.09175055739477063
GENHLTH,4: Fair,34676,6662,28014,1947,2172,8413,8196,1703,7022,244,1391,654,4040,0.2922545782047433,0.3260282197538277,0.3003141286499607,0.292568001713429
GENHLTH,5: Poor,13543,4309,9234,580,551,4745,5122,436,4402,144,343,171,2943,0.1346019958226967,0.12787189603156185,0.5138618150314057,0.5546891921160927
GENHLTH,7: Don’t know/Not Sure,457,69,388,23,41,89,30,23,30,0,59,11,41,0.3333333333333333,0.5942028985507246,0.22938144329896906,0.07731958762886598
GENHLTH,9: Refused,252,33,219,16,26,38,13,15,11,1,27,8,17,0.48484848484848486,0.7878787878787878,0.1735159817351598,0.0593607305936073
EMPLOY1,1: Employed for wages,107133,3391,103742,2603,2713,1554,1451,2514,1101,89,453,1811,500,0.7676201710409909,0.8000589796520201,0.014979468296350561,0.013986620655086657
EMPLOY1,2: Self-employed,21827,1202,20625,790,830,738,710,740,534,50,204,503,292,0.6572379367720466,0.6905158069883528,0.03578181818181818,0.03442424242424243
EMPLOY1,3: Out of work for 1 year or more,5610,493,5117,283,283,347,406,256,285,27,62,180,158,0.5740365111561866,0.5740365111561866,0.06781317178034005,0.07934336525307797
EMPLOY1,4: Out of work for less than 1 year,5403,257,5146,186,179,137,170,172,108,14,29,129,53,0.7237354085603113,0.6964980544747081,0.02662261951029926,0.033035367275553826
EMPLOY1,5: A homemaker,16111,1031,15080,608,599,748,841,538,595,70,153,327,265,0.5897187196896218,0.5809893307468477,0.04960212201591512,0.05576923076923077
EMPLOY1,6: A student,6928,51,6877,46,46,17,18,45,10,1,7,40,2,0.9019607843137255,0.9019607843137255,0.002472008143085648,0.0026174203867965684
EMPLOY1,7: Retired,78482,12679,65803,4752,5057,13715,13806,4259,11446,493,2269,1879,6222,0.3747929647448537,0.3988484896285196,0.20842514778961446,0.2098080634621522
EMPLOY1,8: Unable to work,18764,3928,14836,1075,1190,4470,4432,944,3746,131,724,413,2316,0.2736761710794297,0.3029531568228106,0.301294149366406,0.2987328120787274
EMPLOY1,9: Refused,2250,148,2102,76,83,109,113,67,87,9,22,38,48,0.5135135135135135,0.5608108108108109,0.051855375832540435,0.053758325404376785
INCOME2,"1: Less than $10,000",10861,1432,9429,498,553,1381,1544,439,1162,59,219,242,689,0.3477653631284916,0.3861731843575419,0.14646303955880793,0.16375013256973167
INCOME2,"2: Less than $15,000 ($10,000 to less than $15,000)",11564,1892,9672,588,589,1969,2104,499,1710,89,259,258,972,0.3107822410147992,0.31131078224101477,0.20357733664185276,0.21753515301902399
INCOME2,"3: Less than $20,000 ($15,000 to less than $20,000)",15785,2073,13712,746,797,2161,2288,649,1867,97,294,359,1055,0.3598649300530632,0.3844669561022672,0.15759918319719954,0.16686114352392065
INCOME2,"4: Less than $25,000 ($20,000 to less than $25,000)",19188,2304,16884,925,945,2339,2464,828,1996,97,343,428,1055,0.4014756944444444,0.41015625,0.13853352286188106,0.14593698175787728
INCOME2,"5: Less than $35,000 ($25,000 to less than $35,000)",23354,2517,20837,1076,1123,2510,2491,978,2061,98,449,512,1143,0.4274930472785062,0.4461660707191101,0.12045879925133177,0.11954695973508662
INCOME2,"6: Less than $50,000 ($35,000 to less than $50,000)",31050,2746,28304,1248,1315,2594,2585,1156,2117,92,477,644,1146,0.45447924253459576,0.4788783685360524,0.09164782362916903,0.09132984737139627
INCOME2,77: Don’t know/Not sure,20707,2160,18547,903,936,2188,2191,804,1785,99,403,422,1012,0.41805555555555557,0.43333333333333335,0.11797056127675636,0.11813231250336982
INCOME2,"7: Less than $75,000 ($50,000 to less than $75,000)",34711,2429,32282,1238,1327,2141,2037,1165,1727,73,414,662,944,0.5096747632770687,0.546315356113627,0.06632178923238957,0.06310017966668732
INCOME2,"8: $75,000 or more",68975,3336,65639,2049,2202,2454,2183,1973,1794,76,660,1219,945,0.6142086330935251,0.6600719424460432,0.03738630996815917,0.0332576669358156
INCOME2,99: Refused,24366,2169,22197,1083,1117,1987,1968,980,1608,103,379,536,847,0.49930843706777317,0.5149838635315813,0.08951660134252376,0.08866062981483984
INCOME2,missing,1947,122,1825,65,76,111,92,64,85,1,26,38,48,0.5327868852459017,0.6229508196721312,0.060821917808219175,0.05041095890410959
HAREHAB1,1: Yes,241,241,0,0,49,0,0,0,0,0,0,0,0,0.0,0.2033195020746888,,
HAREHAB1,2: No,366,366,0,0,135,0,0,0,0,0,0,0,0,0.0,0.36885245901639346,,
HAREHAB1,7: Don’t know/Not Sure,7,7,0,3,1,0,0,1,0,2,0,0,0,0.42857142857142855,0.14285714285714285,,
HAREHAB1,9: Refused,6,6,0,5,3,0,0,3,0,2,0,3,0,0.8333333333333334,0.5,,
HAREHAB1,missing,261888,22560,239328,10411,10792,21835,21947,9531,17912,880,3923,5317,9856,0.4614804964539007,0.47836879432624113,0.09123462361278246,0.09170260061505549
_AGE80 × BPHIGH4,18-44 | 1: Yes,9964,450,9514,336,365,253,218,325,153,11,100,236,105,0.7466666666666667,0.8111111111111111,0.026592390161866722,0.02291360100903931
_AGE80 × BPHIGH4,"18-44 | 2: Yes, but female told only during pregnancy",1231,15,1216,14,14,0,0,14,0,0,0,14,0,0.9333333333333333,0.9333333333333333,0.0,0.0
_AGE80 × BPHIGH4,18-44 | 3: No,58367,398,57969,384,394,32,9,383,7,1,25,365,13,0.964824120603015,0.9899497487437185,0.0005520191826665976,0.0001552553951249806
_AGE80 × BPHIGH4,18-44 | 4: Told borderline high or pre-hypertensive,460,11,449,10,11,0,0,10,0,0,0,8,0,0.9090909090909091,1.0,0.0,0.0
_AGE80 × BPHIGH4,18-44 | 7: Don't know/Not Sure,121,2,119,1,2,0,0,1,0,0,0,1,0,0.5,1.0,0.0,0.0
_AGE80 × BPHIGH4,45-54 | 1: Yes,13874,1379,12495,732,786,1132,1058,686,854,46,278,436,484,0.5308194343727338,0.5699782451051486,0.09059623849539816,0.08467386954781912
_AGE80 × BPHIGH4,"45-54 | 2: Yes, but female told only during pregnancy",267,12,255,11,11,2,2,11,1,0,1,9,1,0.9166666666666666,0.9166666666666666,0.00784313725490196,0.00784313725490196
_AGE80 × BPHIGH4,45-54 | 3: No,28117,621,27496,524,565,161,101,517,69,7,92,432,59,0.8438003220611916,0.9098228663446055,0.005855397148676171,0.003673261565318592
_AGE80 × BPHIGH4,45-54 | 4: Told borderline high or pre-hypertensive,466,20,446,18,19,7,1,18,1,0,6,11,3,0.9,0.95,0.01569506726457399,0.002242152466367713
_AGE80 × BPHIGH4,55-64 | 1: Yes,26928,3690,23238,1663,1674,3450,3677,1484,2921,179,529,808,1588,0.45067750677506774,0.45365853658536587,0.14846372321198037,0.1582322058696962
_AGE80 × BPHIGH4,"55-64 | 2: Yes, but female told only during pregnancy",214,10,204,4,5,6,7,4,5,0,1,3,3,0.4,0.5,0.029411764705882353,0.03431372549019608
_AGE80 × BPHIGH4,55-64 | 3: No,30807,1267,29540,988,1014,533,531,952,376,36,157,728,183,0.7797947908445146,0.8003157063930545,0.018043331076506432,0.017975626269465132
_AGE80 × BPHIGH4,55-64 | 4: Told borderline high or pre-hypertensive,693,31,662,22,26,20,14,21,13,1,7,18,9,0.7096774193548387,0.8387096774193549,0.030211480362537766,0.021148036253776436
_AGE80 × BPHIGH4,65+ | 1: Yes,54715,11663,43052,3629,3830,13287,13437,3161,11353,468,1934,1172,6392,0.3111549344079568,0.3283889222327017,0.3086267769209328,0.3121109356127474
_AGE80 × BPHIGH4,"65+ | 2: Yes, but female told only during pregnancy",228,21,207,15,13,11,18,13,11,2,0,7,6,0.7142857142857143,0.6190476190476191,0.05314009661835749,0.08695652173913043
_AGE80 × BPHIGH4,65+ | 3: No,34428,3403,31025,1969,2129,2786,2746,1842,2043,127,743,1022,951,0.5786071113723186,0.6256244490155745,0.08979854955680902,0.08850926672038678
_AGE80 × BPHIGH4,65+ | 4: Told borderline high or pre-hypertensive,992,107,885,65,80,101,84,62,69,3,32,34,38,0.6074766355140186,0.7476635514018691,0.11412429378531073,0.09491525423728814
_AGE80 × BPHIGH4,65+ | 7: Don't know/Not Sure,245,56,189,19,26,35,29,17,25,2,10,9,17,0.3392857142857143,0.4642857142857143,0.18518518518518517,0.15343915343915343
BPHIGH4 × GENHLTH,1: Yes | 1: Excellent,8436,502,7934,417,443,137,105,409,73,8,64,276,21,0.8306772908366534,0.8824701195219123,0.017267456516259137,0.013234182001512478
BPHIGH4 × GENHLTH,1: Yes | 2: Very good,28635,2359,26276,1732,1770,1440,1436,1632,1018,100,422,959,253,0.7342094107672743,0.7503179313268334,0.05480286192723398,0.05465063175521388
BPHIGH4 × GENHLTH,1: Yes | 3: Good,37912,5563,32349,2690,2795,5554,5826,2385,4513,305,1041,1057,2209,0.4835520402660435,0.502426748157469,0.17169000587344277,0.18009830288416953
BPHIGH4 × GENHLTH,1: Yes | 4: Fair,21027,5200,15827,1201,1334,7033,6909,1009,6012,192,1021,299,3521,0.23096153846153847,0.25653846153846155,0.4443672205724395,0.43653250773993807
BPHIGH4 × GENHLTH,1: Yes | 5: Poor,9116,3485,5631,297,271,3854,4074,199,3627,98,227,52,2515,0.08522238163558106,0.07776183644189383,0.6844255016870894,0.7234949387320192
BPHIGH4 × GENHLTH,1: Yes | 7: Don’t know/Not Sure,236,49,187,13,24,70,27,13,27,0,43,4,34,0.2653061224489796,0.4897959183673469,0.37433155080213903,0.1443850267379679
BPHIGH4 × GENHLTH,1: Yes | 9: Refused,119,24,95,10,18,34,13,9,11,1,23,5,16,0.4166666666666667,0.75,0.35789473684210527,0.1368421052631579
BPHIGH4 × GENHLTH,"2: Yes, but female told only during pregnancy | 1: Excellent",322,9,313,9,9,0,0,9,0,0,0,9,0,1.0,1.0,0.0,0.0
BPHIGH4 × GENHLTH,"2: Yes, but female told only during pregnancy | 2: Very good",715,7,708,7,7,0,0,7,0,0,0,7,0,1.0,1.0,0.0,0.0
BPHIGH4 × GENHLTH,"2: Yes, but female told only during pregnancy | 3: Good",651,19,632,15,15,4,8,14,4,1,0,9,1,0.7894736842105263,0.7894736842105263,0.006329113924050633,0.012658227848101266
BPHIGH4 × GENHLTH,"2: Yes, but female told only during pregnancy | 4: Fair",205,13,192,9,9,7,7,9,5,0,2,6,3,0.6923076923076923,0.6923076923076923,0.036458333333333336,0.036458333333333336
BPHIGH4 × GENHLTH,3: No | 1: Excellent,36251,387,35864,366,379,15,23,364,8,2,7,329,2,0.9457364341085271,0.979328165374677,0.00041824670979254965,0.0006413116216819094
BPHIGH4 × GENHLTH,3: No | 2: Very good,56006,1244,54762,1128,1175,266,223,1109,140,19,126,834,42,0.9067524115755627,0.9445337620578779,0.004857382856725467,0.0040721668310142066
BPHIGH4 × GENHLTH,3: No | 3: Good,41884,1874,40010,1383,1476,1053,913,1325,647,58,406,923,267,0.7379935965848452,0.7876200640341515,0.026318420394901273,0.02281929517620595
BPHIGH4 × GENHLTH,3: No | 4: Fair,13013,1380,11633,709,790,1309,1228,660,960,49,349,340,485,0.513768115942029,0.572463768115942,0.11252471417519126,0.10556176394739104
BPHIGH4 × GENHLTH,3: No | 5: Poor,4235,779,3456,264,260,846,997,221,737,43,109,111,402,0.33889602053915274,0.3337612323491656,0.24479166666666666,0.2884837962962963
BPHIGH4 × GENHLTH,3: No | 7: Don’t know/Not Sure,203,16,187,9,14,19,3,9,3,0,16,7,7,0.5625,0.875,0.10160427807486631,0.016042780748663103
BPHIGH4 × GENHLTH,3: No | 9: Refused,125,9,116,6,8,4,0,6,0,0,4,3,1,0.6666666666666666,0.8888888888888888,0.034482758620689655,0.0
BPHIGH4 × GENHLTH,4: Told borderline high or pre-hypertensive | 1: Excellent,362,16,346,13,16,0,0,13,0,0,0,13,0,0.8125,1.0,0.0,0.0
BPHIGH4 × GENHLTH,4: Told borderline high or pre-hypertensive | 2: Very good,1017,34,983,30,31,14,8,30,8,0,6,19,3,0.8823529411764706,0.9117647058823529,0.014242115971515769,0.008138351983723296
BPHIGH4 × GENHLTH,4: Told borderline high or pre-hypertensive | 3: Good,838,53,785,39,44,44,27,38,20,1,24,26,10,0.7358490566037735,0.8301886792452831,0.05605095541401274,0.034394904458598725
BPHIGH4 × GENHLTH,4: Told borderline high or pre-hypertensive | 4: Fair,294,44,250,21,31,42,37,20,33,1,9,8,23,0.4772727272727273,0.7045454545454546,0.168,0.148
BPHIGH4 × GENHLTH,7: Don't know/Not Sure | 2: Very good,127,12,115,10,11,3,0,10,0,0,3,8,0,0.8333333333333334,0.9166666666666666,0.02608695652173913,0.0
BPHIGH4 × GENHLTH,7: Don't know/Not Sure | 3: Good,174,18,156,9,10,14,13,8,12,1,2,5,6,0.5,0.5555555555555556,0.08974358974358974,0.08333333333333333
BPHIGH4 × GENHLTH,7: Don't know/Not Sure | 4: Fair,107,24,83,7,8,19,13,5,10,2,9,1,7,0.2916666666666667,0.3333333333333333,0.2289156626506024,0.1566265060240964
BPHIGH4 × DIABETE3,1: Yes | 1: Yes,25145,6275,18870,1481,1504,7219,7589,1206,6374,275,845,465,3725,0.23601593625498007,0.2396812749003984,0.3825649178590355,0.4021727609962904
BPHIGH4 × DIABETE3,1: Yes | 2: Documented value (label omitted),644,63,581,29,30,36,52,24,33,5,3,11,17,0.4603174603174603,0.47619047619047616,0.06196213425129088,0.08950086058519793
BPHIGH4 × DIABETE3,1: Yes | 3: Documented value (label omitted),76680,10290,66390,4646,4884,10253,10211,4238,8419,408,1834,2098,4550,0.45150631681243925,0.47463556851311955,0.15443590902244314,0.15380328362705226
BPHIGH4 × DIABETE3,1: Yes | 4: Documented value (label omitted),2824,519,2305,193,225,576,501,177,424,16,152,73,257,0.371868978805395,0.43352601156069365,0.24989154013015186,0.217353579175705
BPHIGH4 × DIABETE3,1: Yes | 7: Documented value (label omitted),169,31,138,10,11,37,35,10,30,0,7,5,20,0.3225806451612903,0.3548387096774194,0.26811594202898553,0.2536231884057971
BPHIGH4 × DIABETE3,"2: Yes, but female told only during pregnancy | 1: Yes",125,12,113,9,7,10,13,7,9,2,1,5,5,0.75,0.5833333333333334,0.08849557522123894,0.11504424778761062
BPHIGH4 × DIABETE3,"2: Yes, but female told only during pregnancy | 2: Documented value (label omitted)",151,6,145,3,3,2,2,3,2,0,0,3,2,0.5,0.5,0.013793103448275862,0.013793103448275862
BPHIGH4 × DIABETE3,"2: Yes, but female told only during pregnancy | 3: Documented value (label omitted)",1636,38,1598,31,32,7,12,31,6,0,1,24,3,0.8157894736842105,0.8421052631578947,0.004380475594493116,0.007509386733416771
BPHIGH4 × DIABETE3,3: No | 1: Yes,8294,1131,7163,549,629,1041,953,509,759,40,282,266,408,0.4854111405835544,0.5561450044208665,0.14533016892363534,0.13304481362557588
BPHIGH4 × DIABETE3,3: No | 2: Documented value (label omitted),1295,20,1275,18,17,6,5,17,3,1,3,16,0,0.9,0.85,0.004705882352941176,0.00392156862745098
BPHIGH4 × DIABETE3,3: No | 3: Documented value (label omitted),140458,4393,136065,3210,3356,2377,2358,3085,1677,125,700,2211,764,0.7307079444570909,0.763942636011837,0.017469591739242275,0.017329952596185645
BPHIGH4 × DIABETE3,3: No | 4: Documented value (label omitted),1523,132,1391,78,89,76,62,74,47,4,29,49,29,0.5909090909090909,0.6742424242424242,0.054636951833213515,0.04457225017972682
BPHIGH4 × DIABETE3,3: No | 7: Documented value (label omitted),128,12,116,9,10,11,8,8,8,1,3,5,4,0.75,0.8333333333333334,0.09482758620689655,0.06896551724137931
BPHIGH4 × DIABETE3,4: Told borderline high or pre-hypertensive | 1: Yes,201,26,175,11,13,34,28,8,25,3,9,3,11,0.4230769230769231,0.5,0.19428571428571428,0.16
BPHIGH4 × DIABETE3,4: Told borderline high or pre-hypertensive | 3: Documented value (label omitted),2223,123,2100,90,106,80,62,89,49,1,31,60,31,0.7317073170731707,0.8617886178861789,0.0380952380952381,0.029523809523809525
BPHIGH4 × DIABETE3,4: Told borderline high or pre-hypertensive | 4: Documented value (label omitted),169,20,149,14,17,14,9,14,9,0,5,8,8,0.7,0.85,0.09395973154362416,0.06040268456375839
BPHIGH4 × DIABETE3,7: Don't know/Not Sure | 3: Documented value (label omitted),414,51,363,22,28,22,19,20,16,2,6,11,9,0.43137254901960786,0.5490196078431373,0.06060606060606061,0.05234159779614325
BPHIGH4 × DIABETE3,9: Refused | 3: Documented value (label omitted),192,4,188,3,4,6,6,3,4,0,2,1,1,0.75,1.0,0.031914893617021274,0.031914893617021274
_AGE80 × GENHLTH,18-44 | 1: Excellent,16209,67,16142,62,65,1,0,62,0,0,1,61,0,0.9253731343283582,0.9701492537313433,6.195019204559534e-05,0.0
_AGE80 × GENHLTH,18-44 | 2: Very good,25470,134,25336,133,133,3,2,132,0,1,3,128,0,0.9925373134328358,0.9925373134328358,0.00011840858856962425,7.893905904641616e-05
_AGE80 × GENHLTH,18-44 | 3: Good,21047,280,20767,264,274,24,12,264,6,0,18,239,6,0.9428571428571428,0.9785714285714285,0.0011556796841142197,0.0005778398420571098
_AGE80 × GENHLTH,18-44 | 4: Fair,5945,239,5706,194,215,118,83,191,62,3,56,143,43,0.8117154811715481,0.899581589958159,0.020679985979670523,0.01454609183315808
_AGE80 × GENHLTH,18-44 | 5: Poor,1379,154,1225,90,97,138,130,82,92,8,46,51,69,0.5844155844155844,0.6298701298701299,0.1126530612244898,0.10612244897959183
_AGE80 × GENHLTH,45-54 | 1: Excellent,7997,78,7919,67,75,1,1,66,0,1,1,63,0,0.8589743589743589,0.9615384615384616,0.00012627857052658164,0.00012627857052658164
_AGE80 × GENHLTH,45-54 | 2: Very good,14379,272,14107,247,255,11,15,245,7,2,4,233,2,0.9080882352941176,0.9375,0.0007797547316934855,0.001063301906854753
_AGE80 × GENHLTH,45-54 | 3: Good,12732,531,12201,464,473,129,121,451,78,13,51,356,42,0.8738229755178908,0.8907721280602636,0.010572903860339317,0.009917219900008196
_AGE80 × GENHLTH,45-54 | 4: Fair,5366,625,4741,370,419,573,445,351,362,19,211,194,199,0.592,0.6704,0.12086057793714407,0.09386205441889897
_AGE80 × GENHLTH,45-54 | 5: Poor,2270,524,1746,137,157,581,578,119,476,18,105,44,299,0.26145038167938933,0.29961832061068705,0.33276059564719357,0.33104238258877433
_AGE80 × GENHLTH,55-64 | 1: Excellent,9514,166,9348,157,163,5,7,157,3,0,2,146,2,0.9457831325301205,0.9819277108433735,0.0005348737697903295,0.0007488232777064613
_AGE80 × GENHLTH,55-64 | 2: Very good,19059,640,18419,597,599,48,69,585,32,12,16,491,7,0.9328125,0.9359375,0.0026060046690916986,0.003746131711819317
_AGE80 × GENHLTH,55-64 | 3: Good,17688,1434,16254,1094,1089,679,793,1014,512,80,167,660,152,0.7629009762900977,0.7594142259414226,0.04177433247200689,0.048787990648455765
_AGE80 × GENHLTH,55-64 | 4: Fair,8548,1606,6942,620,679,1908,1820,552,1496,68,412,204,827,0.386052303860523,0.4227895392278954,0.2748487467588591,0.26217228464419473
_AGE80 × GENHLTH,55-64 | 5: Poor,3847,1143,2704,204,176,1356,1541,147,1272,57,84,52,790,0.1784776902887139,0.15398075240594924,0.5014792899408284,0.569896449704142
_AGE80 × GENHLTH,65+ | 1: Excellent,11744,608,11136,520,548,146,121,511,79,9,67,358,22,0.8552631578947368,0.9013157894736842,0.013110632183908046,0.01086566091954023
_AGE80 × GENHLTH,65+ | 2: Very good,27670,2611,25059,1931,2008,1661,1581,1827,1127,104,534,975,289,0.7395633856759862,0.7690540022979702,0.06628357077297578,0.06309110499221836
_AGE80 × GENHLTH,65+ | 3: Good,30069,5286,24783,2317,2508,5842,5864,2044,4603,273,1239,766,2293,0.43832765796443435,0.47446083995459704,0.2357261025703103,0.23661380785215672
_AGE80 × GENHLTH,65+ | 4: Fair,14817,4192,10625,763,859,5814,5848,609,5102,154,712,113,2971,0.18201335877862596,0.2049141221374046,0.5472,0.5504
_AGE80 × GENHLTH,65+ | 5: Poor,6047,2488,3559,149,121,2670,2873,88,2562,61,108,24,1785,0.05988745980707395,0.04863344051446945,0.7502107333520652,0.8072492273110424
_AGE80 × GENHLTH,65+ | 7: Don’t know/Not Sure,240,50,190,11,23,68,24,11,24,0,44,6,32,0.22,0.46,0.35789473684210527,0.12631578947368421
_AGE80 × GENHLTH,65+ | 9: Refused,111,20,91,8,14,28,11,7,10,1,18,3,14,0.4,0.7,0.3076923076923077,0.12087912087912088
