feature,mean_split_count,mean_shallow_split_count,fold1_split_count,fold2_split_count,fold3_split_count
GENHLTH,165.66666666666666,28.333333333333332,174,157,166
_AGE80,155.0,28.666666666666668,158,162,145
SEX,144.0,14.0,150,142,140
CVDSTRK3,136.66666666666666,17.0,134,149,127
MAXVO2_,117.66666666666667,8.666666666666666,136,100,117
HAREHAB1,98.33333333333333,81.66666666666667,96,100,99
DIABAGE2,93.66666666666667,7.666666666666667,94,91,96
CHCCOPD1,81.0,10.666666666666666,87,82,74
FC60_,76.66666666666667,5.333333333333333,80,75,75
TOLDHI2,74.33333333333333,8.666666666666666,77,73,73
_BMI5,65.66666666666667,4.0,72,60,65
PHYSHLTH,58.0,9.333333333333334,57,59,58
PERSDOC2,57.333333333333336,7.666666666666667,62,55,55
CHOLCHK,56.333333333333336,15.666666666666666,55,55,59
MEDCOST,50.0,11.666666666666666,44,52,54
MARITAL,48.333333333333336,11.333333333333334,48,54,43
CVDASPRN,47.333333333333336,11.333333333333334,51,42,49
WTKG3,47.333333333333336,2.6666666666666665,50,47,45
PNEUVAC3,46.666666666666664,8.333333333333334,50,45,45
CHCKIDNY,46.0,12.333333333333334,48,47,43
_RFCHOL,44.0,6.0,44,48,40
_FRUTSUM,43.333333333333336,4.0,39,40,51
EMPLOY1,40.0,14.0,43,37,40
POORHLTH,39.666666666666664,1.0,40,41,38
_RFHLTH,39.666666666666664,7.0,38,31,50
_VEGESUM,39.666666666666664,1.6666666666666667,40,36,43
DRADVISE,39.333333333333336,11.333333333333334,43,35,40
BPHIGH4,39.0,5.666666666666667,42,44,31
QLACTLM2,38.0,11.666666666666666,38,40,36
JOINPAIN,37.666666666666664,1.6666666666666667,32,34,47
_STATE,37.333333333333336,1.6666666666666667,38,43,31
DIABETE3,37.0,1.3333333333333333,38,34,39
BPMEDS,36.333333333333336,12.666666666666666,37,37,35
INCOME2,35.666666666666664,1.3333333333333333,29,28,50
VEGEDA1_,34.333333333333336,2.3333333333333335,42,33,28
GRENDAY_,34.0,2.0,34,31,37
FVBEANS,33.666666666666664,0.3333333333333333,37,39,25
_DRNKWEK,32.666666666666664,2.6666666666666665,22,37,39
SMOKE100,32.333333333333336,1.6666666666666667,40,23,34
BEANDAY_,31.333333333333332,0.3333333333333333,32,38,24
DIFFWALK,30.666666666666668,4.666666666666667,29,31,32
HTM4,30.666666666666668,1.0,37,29,26
ORNGDAY_,30.333333333333332,1.3333333333333333,34,22,35
_RACE,29.666666666666668,1.6666666666666667,26,36,27
FTJUDA1_,29.0,2.3333333333333335,27,30,30
FRUITJU1,28.666666666666668,1.3333333333333333,28,24,34
ASPUNSAF,28.333333333333332,5.666666666666667,26,30,29
_INCOMG,28.333333333333332,1.6666666666666667,19,30,36
EDUCA,27.666666666666668,2.0,19,29,35
FVORANG,26.0,0.0,18,29,31
FVGREEN,25.666666666666668,0.0,26,25,26
FRUTDA1_,25.333333333333332,0.3333333333333333,20,25,31
LASTSMK2,25.333333333333332,3.6666666666666665,24,21,31
FRUIT1,25.0,0.3333333333333333,24,22,29
_SMOKER3,25.0,2.0,17,28,30
IDAY,24.666666666666668,0.0,24,23,27
PAFREQ1_,24.666666666666668,4.333333333333333,22,24,28
VEGETAB1,24.666666666666668,0.0,21,28,25
_AGE_G,24.666666666666668,7.666666666666667,22,25,27
_RFHYPE5,24.666666666666668,5.666666666666667,31,19,24
MENTHLTH,24.333333333333332,2.0,30,19,24
SMOKDAY2,23.666666666666668,1.0,22,25,24
MAXDRNKS,23.333333333333332,1.6666666666666667,27,17,26
SEATBELT,23.0,4.333333333333333,28,20,21
WHRTST10,22.666666666666668,0.3333333333333333,20,32,16
DROCDY3_,22.0,0.3333333333333333,23,22,21
PA1MIN_,22.0,0.6666666666666666,26,20,20
EXERHMM1,21.333333333333332,0.3333333333333333,17,27,20
INTERNET,21.333333333333332,0.6666666666666666,21,26,17
ADDEPEV2,20.666666666666668,1.3333333333333333,23,24,15
ALCDAY5,20.666666666666668,1.0,29,12,21
PAMIN11_,20.666666666666668,1.3333333333333333,18,22,22
AVEDRNK2,19.333333333333332,3.0,18,21,19
FMONTH,19.333333333333332,0.3333333333333333,21,21,16
EXERHMM2,19.0,2.0,15,22,20
_RACEGR3,19.0,0.0,22,20,15
EXEROFT1,18.666666666666668,1.0,19,17,20
LONGWTCH,18.666666666666668,2.3333333333333335,16,23,17
STRFREQ_,18.333333333333332,0.0,20,13,22
CHECKUP1,18.0,0.3333333333333333,11,24,19
EXRACT21,17.0,1.0,19,8,24
IMFVPLAC,17.0,1.3333333333333333,18,13,20
_PRACE1,17.0,1.3333333333333333,14,13,24
PAFREQ2_,16.666666666666668,0.3333333333333333,25,16,9
RENTHOM1,16.666666666666668,0.6666666666666666,21,10,19
HHADULT,16.333333333333332,2.6666666666666665,10,25,14
_MINAC11,16.333333333333332,1.0,14,11,24
_EDUCAG,16.0,1.0,8,15,25
BLIND,15.666666666666666,1.3333333333333333,21,13,13
STOPSMK2,15.666666666666666,2.0,7,24,16
INSULIN,15.333333333333334,5.333333333333333,16,17,13
NUMADULT,14.333333333333334,1.3333333333333333,15,7,21
PA1VIGM_,14.333333333333334,1.3333333333333333,11,19,13
CHCOCNCR,14.0,0.3333333333333333,9,12,21
PAVIG11_,14.0,1.3333333333333333,9,12,21
STRENGTH,14.0,0.0,25,5,12
_MRACE1,13.666666666666666,3.0,16,15,10
_RACE_G1,13.666666666666666,1.0,13,14,14
HAVARTH3,13.0,2.0,11,15,13
DRNK3GE5,12.666666666666666,0.3333333333333333,10,13,15
METVL11_,12.333333333333334,0.6666666666666666,8,15,14
PADUR1_,12.333333333333334,0.3333333333333333,16,16,5
USEEQUIP,12.333333333333334,0.0,15,11,11
_CHOLCHK,12.333333333333334,2.3333333333333335,10,8,19
CPDEMO1,12.0,0.6666666666666666,18,4,14
SCNTLWK1,12.0,2.0,19,8,9
CRGVLNG1,11.666666666666666,0.6666666666666666,4,12,19
LMTJOIN3,11.666666666666666,2.6666666666666665,12,13,10
_LMTWRK1,11.666666666666666,0.3333333333333333,11,10,14
_MINAC21,11.666666666666666,0.3333333333333333,12,9,14
VETERAN3,11.333333333333334,0.0,8,16,10
_RACEG21,11.333333333333334,1.0,13,8,13
EXRACT11,10.666666666666666,1.0,13,10,9
ADSLEEP,10.333333333333334,4.0,17,11,3
CADULT,10.333333333333334,0.0,4,13,14
IMONTH,10.333333333333334,0.3333333333333333,9,10,12
_HCVU651,10.333333333333334,0.3333333333333333,9,10,12
ARTHDIS2,10.0,0.6666666666666666,8,15,7
EXEROFT2,10.0,0.3333333333333333,13,8,9
ASTHNOW,9.666666666666666,0.0,10,15,4
DOCTDIAB,9.666666666666666,0.3333333333333333,8,13,8
PADUR2_,9.333333333333334,1.6666666666666667,11,9,8
SCNTMNY1,9.333333333333334,1.0,9,9,10
ARTHSOCL,9.0,0.0,9,8,10
_LMTACT1,9.0,0.3333333333333333,12,10,5
RDUCHART,8.666666666666666,3.3333333333333335,11,9,6
TETANUS,8.666666666666666,0.0,7,4,15
ADENERGY,8.333333333333334,1.3333333333333333,11,4,10
CIMEMLOS,8.333333333333334,0.0,7,11,7
PAMIN21_,8.333333333333334,0.6666666666666666,9,11,5
CELLFON3,8.0,0.3333333333333333,4,6,14
DECIDE,8.0,0.0,6,6,12
NUMWOMEN,8.0,0.0,9,8,7
METVL21_,7.666666666666667,0.0,3,10,10
NUMMEN,7.666666666666667,0.0,10,6,7
_LMTSCL1,7.666666666666667,0.0,7,8,8
FEETCHK,7.0,1.6666666666666667,3,14,4
_DRDXAR1,7.0,1.3333333333333333,7,6,8
CRGVREL1,6.666666666666667,0.0,6,9,5
_PAREC1,6.666666666666667,0.0,11,2,7
LANDLINE,6.333333333333333,0.0,4,8,7
ASTHMA3,6.0,0.0,8,3,7
BLDSUGAR,6.0,0.3333333333333333,8,5,5
CDSOCIAL,6.0,1.0,0,10,8
CHILDREN,6.0,0.0,8,5,5
LASTSIG3,6.0,1.3333333333333333,4,4,10
RCSRLTN2,6.0,0.3333333333333333,4,4,10
_ASTHMS1,6.0,0.3333333333333333,3,9,6
DIABEDU,5.666666666666667,0.3333333333333333,3,11,3
DIABEYE,5.666666666666667,0.0,6,4,7
PAVIG21_,5.666666666666667,0.0,4,5,8
FLUSHOT6,5.333333333333333,0.0,4,2,10
PDIABTST,5.333333333333333,0.3333333333333333,9,3,4
SCNTMEL1,5.333333333333333,1.3333333333333333,1,9,6
_AGE65YR,5.333333333333333,1.0,4,8,4
HOWLONG,5.0,1.6666666666666667,8,2,5
_HISPANC,5.0,0.0,6,3,6
_RFSMOK3,5.0,0.0,0,6,9
ADEAT1,4.666666666666667,0.3333333333333333,7,5,2
FEETCHK2,4.666666666666667,0.3333333333333333,6,5,3
TRNSGNDR,4.666666666666667,0.0,2,4,8
CDHOUSE,4.333333333333333,0.0,1,4,8
CHKHEMO3,4.333333333333333,0.0,2,5,6
CRGVHRS1,4.333333333333333,0.0,4,7,2
NUMHHOL2,4.333333333333333,0.3333333333333333,8,4,1
_BMI5CAT,4.333333333333333,0.0,7,4,2
PROFEXAM,4.0,1.3333333333333333,0,6,6
SCNTWRK1,4.0,0.0,2,4,6
_CASTHM1,4.0,0.6666666666666666,6,4,2
_CHLDCNT,4.0,0.0,1,6,5
ADMOVE,3.6666666666666665,1.3333333333333333,1,2,8
CAREGIV1,3.6666666666666665,0.0,2,6,3
STREHAB1,3.6666666666666665,2.0,5,3,3
_FLSHOT6,3.6666666666666665,0.0,8,2,1
_PNEUMO2,3.6666666666666665,0.0,4,2,5
DIFFALON,3.3333333333333335,0.3333333333333333,3,5,2
HLTHPLN1,3.3333333333333335,0.6666666666666666,4,4,2
LASTPAP2,3.3333333333333335,0.0,6,3,1
LSTBLDS3,3.3333333333333335,0.0,4,5,1
NUMPHON2,3.3333333333333335,1.0,8,1,1
SCNTLPAD,3.3333333333333335,0.3333333333333333,3,4,3
SXORIENT,3.3333333333333335,0.0,2,6,2
EYEEXAM,3.0,0.0,2,4,3
PREDIAB1,3.0,0.0,4,1,4
RCSGENDR,3.0,0.3333333333333333,2,3,4
_PACAT1,3.0,0.0,6,2,1
_RFBMI5,3.0,0.0,4,2,3
ADDOWN,2.6666666666666665,0.0,5,3,0
BLOODCHO,2.6666666666666665,0.0,0,3,5
CHCSCNCR,2.6666666666666665,0.0,4,1,3
CRGVPRB1,2.6666666666666665,0.0,2,3,3
DIFFDRES,2.6666666666666665,0.0,3,4,1
HADSIGM3,2.6666666666666665,0.0,2,1,5
HIVTST6,2.6666666666666665,0.0,3,2,3
PREGNANT,2.6666666666666665,0.0,1,3,4
_RFSEAT2,2.6666666666666665,0.0,6,1,1
CRGVMST2,2.3333333333333335,0.0,1,2,4
CSTATE,2.3333333333333335,0.6666666666666666,0,5,2
HADHYST2,2.3333333333333335,0.0,3,1,3
SHINGLE2,2.3333333333333335,0.0,1,1,5
WTCHSALT,2.3333333333333335,0.3333333333333333,1,2,4
_LTASTH1,2.3333333333333335,0.0,4,0,3
_PASTRNG,2.3333333333333335,0.0,0,1,6
_RFSEAT3,2.3333333333333335,0.0,3,3,1
ACTIN11_,2.0,0.0,2,1,3
ADTHINK,2.0,0.0,2,2,2
ARTHWGT,2.0,0.3333333333333333,4,2,0
CRGVPERS,2.0,0.0,0,4,2
RLIVPAIN,2.0,0.0,2,1,3
_AIDTST3,2.0,0.0,1,3,2
_PASTAE1,2.0,0.0,1,2,3
ACTIN21_,1.6666666666666667,0.0,2,2,1
ADFAIL,1.6666666666666667,0.6666666666666666,0,4,1
ARTHEDU,1.6666666666666667,0.3333333333333333,4,0,1
CASTHDX2,1.6666666666666667,0.0,2,2,1
CDASSIST,1.6666666666666667,0.0,2,2,1
EMTSUPRT,1.6666666666666667,0.6666666666666666,0,5,0
LENGEXAM,1.6666666666666667,1.0,1,0,4
RDUCSTRK,1.6666666666666667,0.0,4,1,0
_RFBING5,1.6666666666666667,0.0,1,1,3
CRGVEXPT,1.3333333333333333,0.3333333333333333,1,2,1
USENOW3,1.3333333333333333,0.0,2,1,1
_PAINDX1,1.3333333333333333,0.0,2,1,1
_VEGLT1,1.3333333333333333,0.0,1,1,2
ARTTODAY,1.0,0.0,1,0,2
BLDSTOOL,1.0,0.0,2,0,1
CRGVHOUS,1.0,0.0,0,2,1
CTELENUM,1.0,0.3333333333333333,0,2,1
DRNKANY5,1.0,0.0,1,0,2
HADSGCO1,1.0,0.0,1,0,2
VIREDIF3,1.0,0.3333333333333333,1,0,2
_PA30021,1.0,0.0,3,0,0
_RFDRHV5,1.0,0.0,1,1,1
ARTHEXER,0.6666666666666666,0.0,0,1,1
CDDISCUS,0.6666666666666666,0.3333333333333333,1,1,0
HADMAM,0.6666666666666666,0.0,0,1,1
HPVTEST,0.6666666666666666,0.0,1,1,0
PCPSADI1,0.6666666666666666,0.0,2,0,0
SCNTPAID,0.6666666666666666,0.0,0,1,1
VIPRFVS2,0.6666666666666666,0.0,0,0,2
_FRTLT1,0.6666666666666666,0.0,1,1,0
_PA300R2,0.6666666666666666,0.3333333333333333,0,0,2
ADANXEV,0.3333333333333333,0.0,1,0,0
CASTHNO2,0.3333333333333333,0.0,0,0,1
HADPAP2,0.3333333333333333,0.0,0,0,1
LSATISFY,0.3333333333333333,0.0,0,1,0
MISTMNT,0.3333333333333333,0.0,0,1,0
PCPSAAD2,0.3333333333333333,0.0,0,1,0
PCPSARE1,0.3333333333333333,0.0,1,0,0
PSATIME,0.3333333333333333,0.0,0,0,1
PVTRESD2,0.3333333333333333,0.0,0,1,0
VIEYEXM2,0.3333333333333333,0.0,0,0,1
_MISFRTN,0.3333333333333333,0.0,1,0,0
ADPLEASR,0.0,0.0,0,0,0
ASACTLIM,0.0,0.0,0,0,0
ASATTACK,0.0,0.0,0,0,0
ASDRVIST,0.0,0.0,0,0,0
ASERVIST,0.0,0.0,0,0,0
ASINHALR,0.0,0.0,0,0,0
ASNOSLEP,0.0,0.0,0,0,0
ASRCHKUP,0.0,0.0,0,0,0
ASTHMAGE,0.0,0.0,0,0,0
ASTHMED3,0.0,0.0,0,0,0
ASYMPTOM,0.0,0.0,0,0,0
CCLGHOUS,0.0,0.0,0,0,0
CDHELP,0.0,0.0,0,0,0
COLGHOUS,0.0,0.0,0,0,0
EXERANY2,0.0,0.0,0,0,0
HPLSTTST,0.0,0.0,0,0,0
HPVADSHT,0.0,0.0,0,0,0
HPVADVC2,0.0,0.0,0,0,0
IYEAR,0.0,0.0,0,0,0
LADULT,0.0,0.0,0,0,0
PAMISS1_,0.0,0.0,0,0,0
PCDMDECN,0.0,0.0,0,0,0
PCPSADE1,0.0,0.0,0,0,0
PCPSARS1,0.0,0.0,0,0,0
PSATEST1,0.0,0.0,0,0,0
PVTRESD1,0.0,0.0,0,0,0
STATERES,0.0,0.0,0,0,0
VICTRCT4,0.0,0.0,0,0,0
VIDFCLT2,0.0,0.0,0,0,0
VIGLUMA2,0.0,0.0,0,0,0
VIINSUR2,0.0,0.0,0,0,0
VIMACDG2,0.0,0.0,0,0,0
VINOCRE2,0.0,0.0,0,0,0
_FRT16,0.0,0.0,0,0,0
_FRTRESP,0.0,0.0,0,0,0
_FRUITEX,0.0,0.0,0,0,0
_MISVEGN,0.0,0.0,0,0,0
_PA150R2,0.0,0.0,0,0,0
_TOTINDA,0.0,0.0,0,0,0
_VEG23,0.0,0.0,0,0,0
_VEGETEX,0.0,0.0,0,0,0
_VEGRESP,0.0,0.0,0,0,0
