feature,top100_outer_selection_count,top100_inner_selection_count,top100_development_selected,top60_outer_selection_count,top60_inner_selection_count,top60_development_selected
_STATE,2,4,True,2,3,False
FMONTH,0,3,True,0,2,True
IMONTH,0,4,False,0,3,False
IDAY,2,4,True,0,4,True
IYEAR,0,0,False,0,0,False
CTELENUM,0,0,False,0,0,False
PVTRESD1,0,0,False,0,0,False
COLGHOUS,0,0,False,0,0,False
STATERES,0,0,False,0,0,False
CELLFON3,1,2,True,1,2,False
LADULT,0,0,False,0,0,False
NUMADULT,3,3,False,2,1,False
NUMMEN,0,0,True,0,0,True
NUMWOMEN,0,0,False,0,0,False
CADULT,1,4,False,1,1,False
PVTRESD2,0,0,False,0,0,False
CCLGHOUS,0,0,False,0,0,False
CSTATE,0,0,False,0,0,False
LANDLINE,2,1,False,0,1,False
HHADULT,0,5,False,0,2,False
GENHLTH,3,6,True,3,6,True
PHYSHLTH,3,6,True,3,6,True
MENTHLTH,1,1,True,0,0,False
POORHLTH,1,5,True,1,5,True
HLTHPLN1,0,0,False,0,0,False
PERSDOC2,3,5,True,3,5,True
MEDCOST,2,3,True,1,2,False
CHECKUP1,2,5,True,2,2,True
BPHIGH4,1,6,True,1,5,True
BPMEDS,3,6,True,3,6,True
BLOODCHO,0,2,False,0,0,False
CHOLCHK,3,5,True,3,4,True
TOLDHI2,2,6,True,2,6,True
CVDSTRK3,3,6,True,3,5,True
ASTHMA3,1,1,True,0,1,False
ASTHNOW,1,0,False,0,0,False
CHCSCNCR,1,2,False,0,1,False
CHCOCNCR,2,2,True,1,0,False
CHCCOPD1,3,6,True,3,6,True
HAVARTH3,1,4,False,1,2,False
ADDEPEV2,1,5,True,1,3,False
CHCKIDNY,3,4,True,3,4,True
DIABETE3,2,4,True,1,4,True
DIABAGE2,3,2,True,3,2,True
SEX,3,6,True,3,6,True
MARITAL,1,6,False,1,4,False
EDUCA,2,5,True,2,3,True
RENTHOM1,2,3,False,1,1,False
NUMHHOL2,2,2,True,0,1,False
NUMPHON2,1,1,False,1,0,False
CPDEMO1,0,5,True,0,3,False
VETERAN3,0,3,False,0,2,False
EMPLOY1,3,5,True,3,4,True
CHILDREN,0,2,False,0,0,False
INCOME2,3,3,True,2,2,True
INTERNET,2,2,True,2,1,True
PREGNANT,0,0,False,0,0,False
QLACTLM2,3,4,True,1,3,True
USEEQUIP,1,4,False,1,1,False
BLIND,1,4,False,1,0,False
DECIDE,2,1,False,1,1,False
DIFFWALK,2,4,True,1,3,True
DIFFDRES,1,1,False,0,0,False
DIFFALON,0,2,True,0,1,True
SMOKE100,3,5,True,3,4,True
SMOKDAY2,1,5,True,1,4,True
STOPSMK2,1,4,True,1,2,True
LASTSMK2,1,5,False,0,4,False
USENOW3,0,0,False,0,0,False
ALCDAY5,2,3,True,0,2,False
AVEDRNK2,3,3,False,2,3,False
DRNK3GE5,2,3,True,1,3,True
MAXDRNKS,3,4,False,2,3,False
FRUITJU1,1,0,True,1,0,False
FRUIT1,1,5,False,1,3,False
FVBEANS,1,1,True,0,1,True
FVGREEN,3,3,False,1,3,False
FVORANG,1,4,True,1,2,False
VEGETAB1,2,3,True,1,1,True
EXERANY2,0,0,False,0,0,False
EXRACT11,2,1,True,0,1,False
EXEROFT1,2,4,False,0,3,False
EXERHMM1,3,4,False,2,2,False
EXRACT21,0,4,False,0,1,False
EXEROFT2,2,1,False,0,1,False
EXERHMM2,2,4,True,0,1,False
STRENGTH,2,3,False,1,2,False
LMTJOIN3,1,4,False,0,0,False
ARTHDIS2,1,3,True,1,1,True
ARTHSOCL,0,3,False,0,2,False
JOINPAIN,1,4,False,1,3,False
SEATBELT,3,4,True,2,3,True
FLUSHOT6,0,1,True,0,1,True
IMFVPLAC,0,2,True,0,1,False
PNEUVAC3,3,5,True,3,5,True
HIVTST6,1,2,False,0,1,False
WHRTST10,2,2,False,2,1,False
PDIABTST,0,3,True,0,0,True
PREDIAB1,0,2,False,0,1,False
INSULIN,3,4,True,1,2,False
BLDSUGAR,1,1,False,0,1,False
FEETCHK2,1,2,True,1,0,False
DOCTDIAB,1,0,False,0,0,False
CHKHEMO3,0,1,False,0,0,False
FEETCHK,2,1,False,0,0,False
EYEEXAM,2,1,False,1,0,False
DIABEYE,0,0,False,0,0,False
DIABEDU,0,0,False,0,0,False
CAREGIV1,1,3,True,0,1,False
CRGVREL1,0,2,False,0,0,False
CRGVLNG1,1,1,True,1,0,False
CRGVHRS1,0,0,False,0,0,False
CRGVPRB1,0,2,False,0,0,False
CRGVPERS,0,0,False,0,0,False
CRGVHOUS,0,1,False,0,0,False
CRGVMST2,0,1,False,0,0,False
CRGVEXPT,1,4,False,0,3,False
VIDFCLT2,0,0,False,0,0,False
VIREDIF3,0,0,False,0,0,False
VIPRFVS2,0,0,False,0,0,False
VINOCRE2,0,0,False,0,0,False
VIEYEXM2,0,0,False,0,0,False
VIINSUR2,0,0,False,0,0,False
VICTRCT4,0,0,False,0,0,False
VIGLUMA2,0,0,False,0,0,False
VIMACDG2,0,0,False,0,0,False
CIMEMLOS,0,4,False,0,3,False
CDHOUSE,0,0,False,0,0,False
CDASSIST,0,0,False,0,0,False
CDHELP,0,0,True,0,0,False
CDSOCIAL,0,1,False,0,0,False
CDDISCUS,0,2,False,0,0,False
WTCHSALT,0,2,False,0,0,False
LONGWTCH,2,3,True,2,2,False
DRADVISE,2,4,True,2,4,True
ASTHMAGE,0,0,False,0,0,False
ASATTACK,0,0,False,0,0,False
ASERVIST,0,0,False,0,0,False
ASDRVIST,0,0,False,0,0,False
ASRCHKUP,0,0,False,0,0,False
ASACTLIM,0,0,False,0,0,False
ASYMPTOM,0,0,False,0,0,False
ASNOSLEP,0,0,False,0,0,False
ASTHMED3,0,0,False,0,0,False
ASINHALR,0,0,False,0,0,False
HAREHAB1,3,0,True,3,0,True
STREHAB1,2,0,False,0,0,False
CVDASPRN,3,2,True,3,0,True
ASPUNSAF,2,6,True,2,4,True
RLIVPAIN,1,1,False,1,0,False
RDUCHART,1,3,False,1,2,False
RDUCSTRK,0,0,False,0,0,False
ARTTODAY,0,1,False,0,0,False
ARTHWGT,1,1,False,0,0,False
ARTHEXER,0,2,False,0,1,False
ARTHEDU,0,0,True,0,0,False
TETANUS,2,3,False,0,0,False
HPVADVC2,1,2,False,0,1,False
HPVADSHT,0,0,False,0,0,False
SHINGLE2,0,0,False,0,0,False
HADMAM,0,0,False,0,0,False
HOWLONG,1,1,True,0,0,False
HADPAP2,1,0,False,0,0,False
LASTPAP2,0,2,False,0,1,False
HPVTEST,1,0,True,0,0,False
HPLSTTST,0,0,False,0,0,False
HADHYST2,0,1,False,0,0,False
PROFEXAM,2,0,False,1,0,False
LENGEXAM,2,1,True,1,1,False
BLDSTOOL,0,0,False,0,0,False
LSTBLDS3,0,2,False,0,0,False
HADSIGM3,2,1,False,0,0,False
HADSGCO1,1,0,False,0,0,False
LASTSIG3,2,0,False,0,0,False
PCPSAAD2,0,0,False,0,0,False
PCPSADI1,0,0,False,0,0,False
PCPSARE1,1,0,False,1,0,False
PSATEST1,0,0,False,0,0,False
PSATIME,1,0,False,0,0,False
PCPSARS1,0,1,False,0,0,False
PCPSADE1,0,0,False,0,0,False
PCDMDECN,0,0,False,0,0,False
SCNTMNY1,1,1,True,0,1,False
SCNTMEL1,0,1,False,0,1,False
SCNTPAID,0,0,False,0,0,False
SCNTWRK1,2,0,False,0,0,False
SCNTLPAD,1,1,False,0,0,False
SCNTLWK1,1,4,False,1,2,False
SXORIENT,0,2,False,0,1,False
TRNSGNDR,0,0,True,0,0,True
RCSGENDR,0,2,True,0,1,False
RCSRLTN2,2,3,False,1,1,False
CASTHDX2,0,2,False,0,0,False
CASTHNO2,0,0,False,0,0,False
EMTSUPRT,0,0,False,0,0,False
LSATISFY,0,1,False,0,0,False
ADPLEASR,0,1,False,0,0,False
ADDOWN,1,0,False,0,0,False
ADSLEEP,1,0,False,0,0,False
ADENERGY,1,0,False,0,0,False
ADEAT1,1,1,False,0,0,False
ADFAIL,0,0,False,0,0,False
ADTHINK,0,0,False,0,0,False
ADMOVE,0,0,False,0,0,False
MISTMNT,0,0,False,0,0,False
ADANXEV,0,0,False,0,0,False
_RFHLTH,2,6,True,2,6,True
_HCVU651,2,2,True,0,2,True
_RFHYPE5,3,5,True,3,5,True
_CHOLCHK,1,1,True,1,0,True
_RFCHOL,3,6,True,2,6,True
_LTASTH1,1,0,True,0,0,False
_CASTHM1,0,0,False,0,0,False
_ASTHMS1,1,2,False,0,0,False
_DRDXAR1,1,2,False,0,1,False
_PRACE1,2,4,False,1,1,False
_MRACE1,3,3,True,3,1,False
_HISPANC,0,0,True,0,0,False
_RACE,2,4,True,1,3,True
_RACEG21,1,4,True,0,1,True
_RACEGR3,2,2,False,1,1,False
_RACE_G1,3,4,True,1,2,False
_AGE65YR,1,4,False,1,2,False
_AGE80,3,6,True,3,6,True
_AGE_G,2,6,True,2,5,True
HTM4,3,5,True,2,3,True
WTKG3,1,5,True,1,5,False
_BMI5,2,6,True,2,4,True
_BMI5CAT,1,2,False,0,1,False
_RFBMI5,0,2,False,0,1,False
_CHLDCNT,0,2,False,0,0,False
_EDUCAG,2,3,True,1,2,True
_INCOMG,3,3,True,2,2,True
_SMOKER3,3,5,True,3,4,True
_RFSMOK3,1,1,False,1,0,False
DRNKANY5,1,2,True,1,0,False
DROCDY3_,3,5,True,2,4,True
_RFBING5,1,2,False,1,0,False
_DRNKWEK,2,4,False,2,4,False
_RFDRHV5,0,0,False,0,0,False
FTJUDA1_,1,5,True,1,3,False
FRUTDA1_,1,4,False,0,2,False
BEANDAY_,2,4,True,0,3,False
GRENDAY_,3,5,True,2,4,True
ORNGDAY_,0,4,False,0,3,False
VEGEDA1_,2,1,True,2,1,False
_MISFRTN,0,0,False,0,0,False
_MISVEGN,0,0,False,0,0,False
_FRTRESP,0,0,False,0,0,False
_VEGRESP,0,0,False,0,0,False
_FRUTSUM,2,3,False,2,2,False
_VEGESUM,2,2,False,2,2,False
_FRTLT1,0,0,False,0,0,False
_VEGLT1,1,1,False,0,1,False
_FRT16,0,0,False,0,0,False
_VEG23,0,0,False,0,0,False
_FRUITEX,0,0,False,0,0,False
_VEGETEX,0,0,False,0,0,False
_TOTINDA,0,0,False,0,0,False
METVL11_,1,5,False,1,3,False
METVL21_,1,4,False,0,0,False
MAXVO2_,2,6,True,2,6,True
FC60_,2,6,True,2,6,True
ACTIN11_,1,0,True,0,0,False
ACTIN21_,0,2,False,0,0,False
PADUR1_,2,3,False,1,1,False
PADUR2_,0,3,False,0,1,False
PAFREQ1_,3,2,True,2,1,False
PAFREQ2_,2,1,False,0,1,False
_MINAC11,1,4,True,1,1,False
_MINAC21,3,1,False,1,0,False
STRFREQ_,2,3,False,1,1,False
PAMISS1_,0,0,False,0,0,False
PAMIN11_,2,2,False,0,0,False
PAMIN21_,1,3,False,1,2,False
PA1MIN_,2,3,False,1,2,False
PAVIG11_,1,3,False,0,1,False
PAVIG21_,3,2,False,1,0,False
PA1VIGM_,2,3,False,2,1,False
_PACAT1,0,2,False,0,0,False
_PAINDX1,0,0,False,0,0,False
_PA150R2,0,0,False,0,0,False
_PA300R2,0,2,False,0,1,False
_PA30021,0,0,False,0,0,False
_PASTRNG,0,2,False,0,0,False
_PAREC1,1,4,False,0,2,False
_PASTAE1,0,3,False,0,0,False
_LMTACT1,1,4,False,0,4,False
_LMTWRK1,1,3,False,1,0,False
_LMTSCL1,0,3,True,0,2,False
_RFSEAT2,0,1,False,0,1,False
_RFSEAT3,1,1,False,1,1,False
_FLSHOT6,2,2,False,0,0,False
_PNEUMO2,0,2,True,0,1,True
_AIDTST3,0,0,False,0,0,False
