rank,column_index,feature,mean_f1_drop,std_f1_drop,mean_ap_drop,mean_log_loss_increase,split_count,shallow_split_count,fit_missing_fraction,semantic_type,description,leakage_risk
1,44,SEX,0.03081714153061062,0.004679849234421427,0.032914300529231354,0.007186920598475153,146,6,0.0,binary,Respondents Sex,none
2,20,GENHLTH,0.024108585322460057,0.003543671588555679,0.027536480601208946,0.007528407521973007,140,26,0.0028570612268220908,ordinal,General Health,none
3,145,HAREHAB1,0.014440105190955621,0.0011373512881677286,0.07622205241038293,0.012798488934249045,92,80,0.9976143538756036,binary,Outpatient rehab after heart attack hosp stay,high
4,38,CHCCOPD1,0.01182853514075699,0.0035722490500605646,0.009229448203674403,0.0017728811591893971,73,12,0.004528442044513014,binary,"Ever told) you have chronic obstructive pulmonary disease, emphysema or chronic bronchitis?",none
5,206,_RFHLTH,0.011451035941394775,0.0037764556539025976,0.0022265485749135374,0.0012196723955932391,43,11,0.0028570612268220908,binary,Adults with good or better health,none
6,33,CVDSTRK3,0.010057181278452287,0.0015110567062455891,0.023089564690310482,0.004546769551426688,125,20,0.0021856518385188995,binary,Ever Diagnosed with a Stroke,none
7,29,BPMEDS,0.009801626835104845,0.0029090994074762867,0.004290580963010715,0.001547959453608888,40,14,0.5988257478357761,binary,Currently Taking Blood Pressure Medication,none
8,223,_AGE80,0.008726329541734856,0.006775769702217242,0.01381159541180447,0.0048153802047126255,144,29,0.0,continuous,Imputed Age value collapsed above 80,none
9,25,PERSDOC2,0.0075043914318915035,0.003183923969896943,0.002201944700716644,0.0005952381205139764,61,7,0.00408559755435559,categorical,Multiple Health Care Professionals,none
10,147,CVDASPRN,0.007206976751753136,0.0009567011742055104,0.004023933110581486,0.0008872217694363416,44,10,0.9566298105768407,binary,Take Aspirin Daily or Every Other Day,possible
11,210,_RFCHOL,0.006636161042727277,0.0038722460783492817,0.005204303257698643,0.0011264660384500043,39,4,0.14158881174823576,binary,High Cholesterol Calculated Variable,none
12,32,TOLDHI2,0.004513415601854476,0.002055317749235046,0.004426481502273705,0.001383026230009049,65,11,0.14158881174823576,binary,Ever Told Blood Cholesterol High,none
13,94,PNEUVAC3,0.004051925685724822,0.00262274039359113,0.0033248173751934487,0.0013982750815847433,43,10,0.17501642810205423,binary,Pneumonia shot ever,none
14,41,CHCKIDNY,0.003901253547572462,0.0008983221678067746,0.005257723559207339,0.000722237323583517,44,11,0.0032927630639124597,binary,Ever told) you have kidney disease?,none
15,134,DRADVISE,0.0034914901465036654,0.0022838624670745845,0.001168386099633878,0.00027356985301593695,32,12,0.9068669466586669,binary,Doctor Advised Reduced Sodium/Salt Intake,none
16,21,PHYSHLTH,0.0034688078983941364,0.001402037039649746,0.001003175079982488,0.0003069191368793578,45,4,0.02183509042598783,count,Number of Days Physical Health Not Good,none
17,208,_RFHYPE5,0.003417958080266422,0.0016160436260378083,0.0008983250071719259,0.00010874737276548678,25,4,0.003107054084169024,binary,High Blood Pressure Calculated Variable,none
18,64,SMOKE100,0.0025192331900619016,0.002790533218910963,0.0006259737571238655,0.00017783811667600644,38,2,0.03958458329762007,categorical,Smoked at Least 100 Cigarettes,none
19,148,ASPUNSAF,0.0022420264303137185,0.0011151744240000476,0.000834512088061475,0.00028978576089846997,27,5,0.9692151652809919,categorical,Health Makes Taking Aspirin Unsafe,none
20,72,MAXDRNKS,0.002113400092251564,0.0006310465636166755,0.00014628170257311815,3.7361981103017916e-05,24,0,0.5370632267649496,count,Most drinks on single occasion past 30 days,none
21,52,EMPLOY1,0.0020650554109769383,0.007205791112854315,0.0034693569368036137,0.0009464223798476094,40,16,0.008485471843661609,categorical,Employment Status,none
22,43,DIABAGE2,0.0019513449656630895,0.0021365572724676937,0.00045008957456556714,0.00014964861335089083,89,6,0.8784463301048542,count,Age When Told Diabetic,none
23,250,_FRUTSUM,0.0018844300131557838,0.0010049871179310453,0.0002172311230124365,7.224610430733858e-05,42,2,0.09756149824290734,continuous,Total fruits consumed per day,none
24,55,INTERNET,0.001600095333876746,0.0017427997998608956,0.00013334943331681318,4.467737301933061e-05,18,0,0.01259964001028542,binary,Internet use in the past 30 days?,none
25,70,AVEDRNK2,0.0015701961057564089,0.0014097629227131122,0.00042106665918106856,9.313995495704071e-05,15,2,0.5282134796148682,count,Avg alcoholic drinks per day in past 30,none
26,66,STOPSMK2,0.0015671708229177776,5.6068163546048705e-05,0.00024284313373407196,4.611211608298212e-05,13,3,0.8600754264163881,categorical,Stopped Smoking in past 12 months,none
27,11,NUMADULT,0.0015667693884930944,0.0010071819118300197,0.00011169118009100402,1.286915875916191e-05,9,0,0.4253235621839376,count,Number of Adults in Household,none
28,40,ADDEPEV2,0.0014701843694115608,0.0005614782001982139,0.0001766935792189376,-7.743940948536551e-06,19,0,0.004428444901574241,binary,Ever told you had a depressive disorder,none
29,26,MEDCOST,0.0014375963637337692,0.00019192053265651478,-0.00022830647036797824,0.00012781445199342803,35,14,0.0023356475529270593,binary,Could Not See Doctor Because of Cost,none
30,37,CHCOCNCR,0.0014059007486936965,0.0009445895662436967,-3.780019920509211e-05,-5.716340123812502e-05,29,0,0.0021213679609154022,binary,Ever told) you had any other types of cancer?,none
31,236,DROCDY3_,0.0013105694450135652,0.0007450721359347739,0.0009269040010110677,0.0001365275251039022,17,1,0.04875574983571898,continuous,Computed drink-occasions-per-day,none
32,9,CELLFON3,0.0012781726439021757,0.000890195515965884,-9.340405526745792e-05,2.6059503931530337e-05,14,0,0.42526642095940115,binary,Cellular Telephone,none
33,234,_RFSMOK3,0.001247016301319348,0.00034595582368425384,6.93493660761287e-05,1.371723082642847e-05,4,1,0.040498842890203134,binary,Current Smoking Calculated Variable,none
34,27,CHECKUP1,0.0012461897434410951,0.0005063890375810932,0.0005783239761719868,4.4420776171496167e-05,11,0,0.01367818062341076,ordinal,Length of time since last routine checkup,none
35,275,PA1MIN_,0.001214563760950101,0.00024106295618700883,0.0002641150137548583,4.816619934511213e-06,23,0,0.34499728579183453,count,Minutes of total Physical Activity per week,none
36,225,HTM4,0.0011504998493562975,0.0011978298906788294,-0.0005472055930878517,-4.191276737752769e-05,38,3,0.03503471329390589,continuous,Computed Height in Meters,none
37,216,_MRACE1,0.0011504027692118928,0.000819701018988964,0.0002013424663932691,1.1624376044396442e-05,14,1,0.019806576954944144,categorical,Calculated non-Hispanic Race including multiracial,none
38,31,CHOLCHK,0.001058725381547961,0.0011445713117903841,0.004091618928397526,0.0012137954651845844,55,5,0.14687437501785663,ordinal,How Long since Cholesterol Checked,none
39,269,_MINAC11,0.001054907567943686,0.00019169485454719986,0.00016147869229327094,2.019823859418975e-05,18,0,0.35245421559384016,count,Minutes of Physical Activity per week for First Activity,none
40,0,_STATE,0.001054797232020029,0.0003321685788190968,5.2383163025378675e-05,1.9138817230553624e-05,32,0,0.0,categorical,State FIPS Code,none
41,215,_PRACE1,0.0009594122592984274,0.001131365576860837,0.0004855372231925929,9.643194516615698e-05,16,0,0.019806576954944144,categorical,Computed Preferred Race,none
42,221,_RACE_G1,0.0008952383710522279,0.0005290790659566735,0.00018873775639334975,4.4423075076960306e-05,12,1,0.01634239021742236,categorical,Computed race groups used for internet prevalence tables,none
43,59,BLIND,0.0008316032636390877,0.0010708079362046047,0.0006355990381524493,8.57823944059218e-05,15,4,0.02898488614611011,binary,Blind or Difficulty seeing,none
44,88,ARTHDIS2,0.0008313531812041419,0.0003873030479535981,0.00016154133813950367,1.350852847200231e-05,9,0,0.7007156938373189,binary,Does Arthritis Affect Whether You Work,none
45,82,EXERHMM1,0.0008312565659580421,0.0003628180856130317,3.1269873446796805e-05,-7.1335824858391e-06,17,0,0.34818290905974114,count,"Minutes or Hours Walking, Running, Jogging, or Swimming",none
46,91,SEATBELT,0.0007994384217234751,0.00043210063376329145,-0.0005519598545140428,-0.00010411539832115106,17,8,0.0958472615068141,ordinal,How often use seatbelts in car?,none
47,265,PADUR1_,0.0007992041005518979,0.00011081843393487948,4.6661920890700426e-05,-3.2802209260311224e-06,8,0,0.34818290905974114,count,Minutes of First Activity,none
48,243,GRENDAY_,0.0007659332840320721,0.0011332020404380503,0.0003378896267218767,9.863216616079473e-05,51,3,0.08524756435530413,count,Computed Dark Green Vegetable intake in times per day,none
49,168,LENGEXAM,0.0007354991020886992,0.0004920913936953929,-4.629021210881638e-06,1.3759143591187314e-05,5,1,0.9884931859089741,ordinal,How Long since Last Breast Physical Exam,none
50,77,FVORANG,0.0007352230478884225,0.00011081843393487948,8.285357098745487e-05,4.1096840965833735e-05,31,0,0.08831890517413789,count,How many times did you eat orange-colored vegetables?,none
51,110,CRGVLNG1,0.0006711867200174618,0.0001920260767683215,8.535416806939218e-05,4.313002043709879e-05,11,0,0.9461943944458729,ordinal,How Long Provided Care For Person.,none
52,133,LONGWTCH,0.0006711867200174618,0.0001920260767683215,5.567219066913524e-05,1.9158433805325594e-06,27,2,0.9458229764863861,count,How Long Watching Salt/Sodium Intake,none
53,233,_SMOKER3,0.0006696444831450302,0.0003857403048348439,-7.391544964430175e-05,4.90722105459899e-07,23,3,0.040498842890203134,categorical,Computed Smoking Status,none
54,167,PROFEXAM,0.000639451541997386,0.0004322839848363971,0.00025898743756436193,6.478396913175977e-05,6,0,0.9869003742750208,categorical,Ever Had Breast Physical Exam by Doctor,none
55,271,STRFREQ_,0.0005758977556614883,0.0001917360700973609,0.0001676478649409082,2.8593772089506125e-05,15,0,0.0985257564069598,continuous,Strength Activity Frequency per Week,none
56,278,PA1VIGM_,0.0005752773300872945,0.0006716354216475605,4.8336752617043434e-05,9.33934370705991e-06,17,2,0.3416330961972515,count,Minutes of total Vigorous Physical Activity per week,none
57,277,PAVIG21_,0.0005431139926136234,0.0002219242103951304,-4.53204224109364e-05,-2.4826775265329726e-06,5,0,0.35724693580183425,count,Minutes of Vigorous Physical Activity per week for Second Activity,none
58,209,_CHOLCHK,0.0005420756233871874,0.0014718889028829641,0.0004164022903350162,4.9689149418848576e-05,14,5,0.03448472900774264,categorical,Cholesterol Checked Calculated Variable,none
59,291,_RFSEAT3,0.0005114757161467735,0.0004532285296963614,-0.00011277222718558688,-8.577903962664335e-06,7,0,0.0958472615068141,binary,Always Wear Seat Belts,none
60,73,FRUITJU1,0.0005113924279408488,0.0003085194544758742,-0.00031456152832985235,-2.1915131633511626e-05,24,2,0.08611182537641782,count,How many times did you drink 100 percent PURE fruit juices?,none
61,78,VEGETAB1,0.0004790776647426627,0.00019219200989396918,6.669055968207734e-05,-4.336260174681028e-06,23,0,0.09318305191280249,count,How many times did you eat OTHER vegetables?,none
62,104,FEETCHK,0.0004480737128880012,0.00011074658328565473,0.0001331666503421499,1.4578104496223062e-05,11,1,0.9352589926002114,count,Times Feet Check for Sores/irritations,none
63,270,_MINAC21,0.00044750831246870293,0.00024110660049236012,7.41696213943192e-05,5.510299896649418e-07,8,0,0.3569398017199509,count,Minutes of Physical Activity per week for Second Activity,none
64,157,HPVADVC2,0.0004474946634832981,0.0003875417466345047,3.8121411935154725e-05,8.148059600301035e-06,1,0,0.9782434787577498,categorical,Have you ever had the HPV vaccination?,none
65,156,TETANUS,0.0004150413368717021,0.00011101003699248761,0.00010994571068129178,-8.687783739127116e-06,14,1,0.9392731636238965,categorical,Received Tetanus Shot Since 2005?,none
66,47,RENTHOM1,0.00038490382437591136,0.0012440726662236174,0.0006114760951175616,6.0057541552027693e-05,12,1,0.006749807148367189,categorical,Own or Rent Home,none
67,173,LASTSIG3,0.0003843269100429203,0.0006705394275230769,-3.8662894688512583e-05,-1.478057864018334e-06,8,1,0.9121953658466901,ordinal,Time Since Last Sigmoidoscopy/Colonoscopy,none
68,99,INSULIN,0.0003822666441771945,0.002071505398285126,-4.6599517434168604e-05,-2.2045944443308912e-05,16,6,0.9327376360675409,binary,Now Taking Insulin,none
69,75,FVBEANS,0.0003521089407441669,0.000692954847773206,-0.00013906106112498984,-1.4764789733788067e-05,25,0,0.089497442930202,count,How many times did you eat beans or lentils?,none
70,105,EYEEXAM,0.00035179204614704807,0.0003367877112819211,-9.01805845243131e-05,-2.3452093323106382e-05,4,1,0.9336376103539898,categorical,Last Eye Exam Where Pupils Were Dilated,none
71,116,CRGVEXPT,0.00035177836126149,0.00045319209955255077,1.4725952348045487e-05,3.7598953998944453e-06,2,0,0.8238050341418817,binary,Do you expect to have a relative you will need to provide care for?,none
72,57,QLACTLM2,0.0003476830610229705,0.000779433119104954,0.0006152555790508626,0.00036755737190125964,43,11,0.02765635267563784,binary,Activity Limitation Due to Health Problems,none
73,60,DECIDE,0.0003203321724938868,0.0006796661764074608,3.031624093489486e-05,2.6900932150279258e-06,14,0,0.03268478043484472,binary,Difficulty Concentrating or Remembering,none
74,285,_PAREC1,0.0003201394056671636,0.00011084213685196184,0.00016992607331139942,5.546321993843417e-06,12,0,0.12938916030970543,categorical,Aerobic and Strengthening Guideline,none
75,80,EXRACT11,0.00032002899848260213,0.00029327891875212896,0.00023240526320796503,2.072434651281818e-05,6,0,0.33239050312848206,categorical,Type of Physical Activity,none
76,3,IDAY,0.00031902118141691194,0.0006532697230280938,-0.00016860482166867566,-5.870618000626086e-05,36,1,0.0,categorical,Interview Day,none
77,242,BEANDAY_,0.0003189238851733685,0.0006393162153668666,-0.0001109243364563565,-4.581280801561431e-06,33,0,0.089497442930202,count,Computed Bean intake in times per day,none
78,232,_INCOMG,0.0002860546849821066,0.0012721198998084848,-0.0004142958794395857,-9.57901711513461e-05,29,1,0.1794234450444273,ordinal,Computed income categories,none
79,18,LANDLINE,0.0002561446681181301,0.00011084213685196184,0.000128336692129268,2.9386840270780496e-05,7,0,0.5771977943487329,binary,Do you also have a landline telephone?,none
80,185,SCNTWRK1,0.0002561446681181301,0.00011084213685196184,3.6148323201479204e-05,-5.487685301073612e-06,5,0,0.9208094054455587,count,How Many Hours Per Week Do You Work,none
81,171,HADSIGM3,0.0002561446681181301,0.00011084213685196184,-1.0453409982217702e-05,-4.08427719066536e-06,5,0,0.8773606468386618,categorical,Ever Had Sigmoidoscopy/Colonoscopy,none
82,161,HOWLONG,0.000255192377639953,0.0005625096505503613,-0.00014263296550901897,-1.8166587440748838e-06,3,2,0.9577797777206366,ordinal,How Long since Last Mammogram,none
83,218,_RACE,0.0002533227275570149,0.0013502820747492786,0.0008838398227476266,9.3129108798042e-05,30,3,0.01634239021742236,categorical,Computed Race-Ethnicity grouping,none
84,61,DIFFWALK,0.00023927709061436855,0.0014954536213920334,0.00036178970771851465,0.00014399924040725542,26,4,0.03281334819005171,binary,Difficulty Walking or Climbing Stairs,none
85,207,_HCVU651,0.0002240095581649467,0.0011034695260643862,1.1659086134966726e-05,-6.07587067865308e-06,10,0,0.3587968915173852,binary,Respondents aged 18-64 with health care coverage,none
86,164,HPVTEST,0.00022374733174164904,0.0003875417466345047,2.1447273569212093e-05,4.813754496605742e-06,1,0,0.9628939173166481,count,Have you ever had an HPV test?,none
87,292,_FLSHOT6,0.00022374733174164904,0.0003875417466345047,-1.3865913376931438e-05,5.33034458683838e-06,2,0,0.686630381989086,binary,Flu Shot Calculated Variable,none
88,76,FVGREEN,0.00022363685286491686,0.0009842669923550503,0.00025097699465093104,2.087436875618705e-05,21,1,0.08524756435530413,count,How many times did you eat dark green vegetables?,none
89,220,_RACEGR3,0.00022272443462882188,0.0008167211354412151,0.0003061840981047892,3.0439753652596508e-05,18,3,0.01634239021742236,categorical,Computed Five level race/ethnicity category.,none
90,71,DRNK3GE5,0.00022265547534020916,0.0008927504850977209,-4.481242302447249e-05,5.064412890813201e-06,8,0,0.5274706436958944,count,Binge Drinking,none
91,267,PAFREQ1_,0.00022217128704116185,0.001590088315638699,0.0006143168576052312,0.00012700198996848377,27,6,0.34024027884917574,continuous,Physical Activity Frequency per Week for First Activity,none
92,81,EXEROFT1,0.00019221871207097951,0.0007844996393083693,8.110314654963258e-05,9.906564983415874e-06,10,0,0.34024027884917574,count,"How Many Times Walking, Running, Jogging, or Swimming",none
93,102,DOCTDIAB,0.00019214993056909657,0.0,0.00016795120930977273,7.353738194150934e-06,4,0,0.9349232879060598,count,Times Seen Health Professional for Diabetes,none
94,178,PSATIME,0.00019214993056909657,0.0,-1.6042822829446617e-06,7.640618065870205e-06,3,2,0.9922502214222451,ordinal,Time Since Last PSA Test,none
95,162,HADPAP2,0.00019111427975918952,0.0004398248050013674,-0.00010290949052123761,-1.2900974580620783e-05,2,0,0.9479229164881003,categorical,Ever Had a Pap Test,none
96,273,PAMIN11_,0.00016063410505937994,0.00019963430104636087,0.00013394427084636082,1.3227238844272978e-05,23,2,0.3590754549870004,count,Minutes of Physical Activity per week for First Activity,none
97,146,STREHAB1,0.00015971100387068837,0.00027662757323186187,0.00014633300675485442,2.063712717590797e-05,4,4,0.9984286163252478,binary,Outpatient rehab after hosp stay for stroke,none
98,108,CAREGIV1,0.00015964204402444762,0.0004533731689857724,-8.844223148150403e-05,-2.211483292471894e-05,5,0,0.7542498785748979,categorical,Provided regular care for family or friend,none
99,54,INCOME2,0.00015760753020233054,0.0003884756260626891,-1.1062214820204789e-05,1.2979778186705815e-05,43,0,0.1794234450444273,ordinal,Income Level,none
100,172,HADSGCO1,0.00012809995371273106,0.00011093781413883581,5.396844207491055e-05,5.78391498552248e-06,4,2,0.9128667752349933,binary,Was your last test a sigmoidoscopy or colonoscopy?,none
101,112,CRGVPRB1,0.00012809995371273106,0.0001109378141388358,1.2215135910838745e-05,6.765571766135607e-06,4,0,0.9479157738350333,categorical,"What Is The Major Health Problem, Illness, Disability For Care For Person?",none
102,184,SCNTPAID,0.00012809995371273106,0.0001109378141388358,-4.6196204217585635e-05,-1.527176547397313e-05,3,0,0.9218022342218793,categorical,How Are You Generally Paid For The Work You Do,none
103,83,EXRACT21,0.00012809995371273106,0.00011093781413883581,-7.797352003358071e-05,2.7471913757422712e-05,18,0,0.3434901859946859,categorical,Other Type of Physical Activity Giving Most Exercise During Past Month,none
104,84,EXEROFT2,0.00012809995371273106,0.0001109378141388358,-0.00012516636823127017,-1.6520471969640644e-05,12,0,0.5578554898431474,count,"How Many Times Walking, Running, Jogging, or Swimming",none
105,203,ADMOVE,0.00012804471440539902,0.00022177995099079766,0.0002896874547262951,5.2831714981031265e-05,6,0,0.9547727207794063,count,Days talked to move slower or faster than usual,none
106,268,PAFREQ2_,0.00012804471440539902,0.00022177995099079766,-7.724186986305763e-05,7.936761146807672e-06,9,1,0.5578554898431474,continuous,Physical Activity Frequency per Week for Second Activity,none
107,260,METVL21_,0.00012706437502862933,0.00045359083175994724,-3.395810338900166e-05,-2.886890640596551e-06,9,0,0.3434901859946859,continuous,Activity MET Value for Second Activity,none
108,19,HHADULT,9.663936751034645e-05,9.607993861386785e-05,8.342936578013363e-06,-1.689961848981107e-05,14,0,0.5876617810919688,count,Number of Adults in Household,none
109,17,CSTATE,9.560571615348697e-05,0.0003457835125859318,2.295411746716658e-05,3.2613630279731964e-06,3,0,0.5747264363875317,binary,Are you a resident of [STATE]?,none
110,132,WTCHSALT,9.552221259110742e-05,9.607973543389613e-05,-0.00021933963521014732,-3.384771996094623e-05,6,3,0.9062169652295649,categorical,Watching Sodium or Salt Intake,none
111,289,_LMTSCL1,9.469319044741464e-05,0.0004796293657533966,-0.00028838381756588854,-2.4133363165710724e-05,10,0,0.03443473043627325,ordinal,Limited social activities,none
112,288,_LMTWRK1,9.329374888291293e-05,0.0004998703629347945,4.972948923652002e-05,8.515514650087042e-06,15,0,0.04002028513471044,ordinal,Limited work activities,none
113,238,_DRNKWEK,8.83516376017172e-05,0.0012082884778757046,0.0011967773410564246,0.0001668477311442725,38,2,0.05801977086368961,count,Computed number of drinks of alcohol beverages per week,none
114,230,_CHLDCNT,6.404997685636553e-05,0.0001109378141388358,0.00013912311988438045,4.326980503615204e-05,5,0,0.007928344904431303,count,Computed number of children in household,none
115,239,_RFDRHV5,6.404997685636553e-05,0.0001109378141388358,6.885376608835776e-05,5.281841519174287e-06,1,0,0.05801977086368961,binary,Heavy Alcohol Consumption Calculated Variable,none
116,212,_CASTHM1,6.404997685636553e-05,0.0001109378141388358,3.900649215462145e-05,1.5188164046109343e-05,3,0,0.0072855061283963315,binary,Current Asthma Calculated Variable,none
117,290,_RFSEAT2,6.404997685636553e-05,0.0001109378141388358,8.08282246591204e-06,5.221411524786168e-06,1,0,0.0958472615068141,binary,Always or Nearly Always Wear Seat Belts,none
118,279,_PACAT1,6.404997685636553e-05,0.0001109378141388358,7.268781285577989e-06,1.4654806042383821e-06,2,0,0.12608925459272594,categorical,Physical Activity Categories,none
119,190,RCSGENDR,6.404997685636553e-05,0.0001109378141388358,3.2517068633830526e-06,1.4637328608439285e-05,2,0,0.8705036998942888,binary,Gender of child,none
120,115,CRGVMST2,6.404997685636553e-05,0.0001109378141388358,-0.00012307059361260642,-1.8258047532415667e-05,5,0,0.9475586411816805,categorical,Which support do you MOST need that you are not getting?,none
121,169,BLDSTOOL,6.393942668819763e-05,0.00029349589464636655,-0.00011401831284922152,-1.2963290163888383e-05,3,0,0.877274935001857,categorical,Ever Had Blood Stool Test Using Home Kit,none
122,219,_RACEG21,6.261292744689599e-05,0.0007464564627902301,0.0003330449344489672,5.142435701837219e-05,6,0,0.01634239021742236,binary,Variable,none
123,126,CIMEMLOS,3.272791595088087e-05,0.00027612702916373787,7.94881299657028e-05,2.8078330983838384e-05,7,0,0.7360218279477729,categorical,Have you experienced confusion or memory loss that is happening more often or is getting worse?,none
124,109,CRGVREL1,3.267267664354886e-05,0.00033631752769437256,-0.0001235362565931338,-7.96981883998312e-06,10,0,0.9457872632210508,categorical,Relationship Of Person To Whom You Are Giving Care?,none
125,96,WHRTST10,3.150042843628557e-05,0.00038766118859187576,0.00014550347095606173,1.759335840856302e-05,10,0,0.7465143853032771,categorical,Location of last HIV test,none
126,237,_RFBING5,3.150042843628557e-05,0.00038766118859187576,-1.3442251001342479e-05,3.363901003120932e-08,1,0,0.05727693494471586,binary,Binge Drinking Calculated Variable,none
127,46,EDUCA,2.9392456269742667e-05,0.00023999598166239385,0.00039818167476686944,4.2147661705321804e-05,32,2,0.00394988714608154,ordinal,Education Level,none
128,28,BPHIGH4,4.71220584637629e-06,0.0010379231351103483,-9.00134800005022e-05,0.00014547598009755544,28,5,0.003107054084169024,categorical,Ever Told Blood Pressure High,none
129,276,PAVIG11_,1.4327262201444906e-06,0.0008345078885668813,0.00026546294300435386,-7.79717408999625e-06,18,4,0.34801862803919886,count,Minutes of Vigorous Physical Activity per week for First Activity,none
130,2,IMONTH,1.061198088643985e-06,0.000670766579784352,-4.074159042949388e-05,9.030463926418264e-06,12,0,0.0,categorical,Interview Month,none
131,266,PADUR2_,1.9305205502713937e-07,0.0006709524379723645,0.00014291919275744025,1.9987488093610912e-05,7,0,0.5634624725007857,count,Minutes of Second Activity,none
132,200,ADEAT1,0.0,0.0,0.00018094760270035795,2.911404643039332e-05,3,0,0.9544370160852547,count,Days ate too little or too much,none
133,107,DIABEDU,0.0,0.0,9.664526661238663e-05,-7.582450531895546e-07,4,0,0.9329162023942174,binary,Ever Taken Class in Managing Diabetes,none
134,131,CDDISCUS,0.0,0.0,7.198323438715552e-05,8.384303789549241e-06,2,0,0.9706651238536042,binary,Have you discussed your confusion or memory loss with a health care professional?,none
135,258,_TOTINDA,0.0,0.0,6.71767146486572e-05,5.726481570887214e-06,1,0,0.08554755578412046,binary,Leisure Time Physical Activity Calculated Variable,none
136,213,_ASTHMS1,0.0,0.0,4.731183564597267e-05,8.428533407952207e-06,4,0,0.0072855061283963315,categorical,Computed Asthma Status,none
137,263,ACTIN11_,0.0,0.0,4.2006462246761224e-05,3.177315783420287e-06,4,0,0.33946887231793377,categorical,Estimated Activity Intensity for First Activity,none
138,170,LSTBLDS3,0.0,0.0,4.0166749063893135e-05,-1.32547457011023e-05,2,0,0.9564798148624325,ordinal,Time Since Last Blood Stool Test,none
139,286,_PASTAE1,0.0,0.0,3.095590056099532e-05,-7.796353022615499e-07,2,0,0.12938916030970543,binary,Aerobic and Strengthening (2-level),none
140,95,HIVTST6,0.0,0.0,1.2382968763750371e-05,-9.744693386197027e-07,1,0,0.12883203337047514,categorical,Ever tested HIV,none
141,48,NUMHHOL2,0.0,0.0,8.213816545329008e-06,-4.834738663491341e-07,1,0,0.42738064626724953,categorical,Household Telephones,none
142,68,USENOW3,0.0,0.0,4.187995953049602e-06,5.169130911725217e-06,1,0,0.038120339418873744,ordinal,Use of Smokeless Tobacco Products,none
143,229,_RFBMI5,0.0,0.0,3.4844955707306427e-06,2.1972351003466764e-06,2,0,0.08221193680180566,binary,Overweight or obese calculated variable,none
144,114,CRGVHOUS,0.0,0.0,3.330281399538393e-06,-1.0650981037853743e-05,4,0,0.9458944030170566,binary,Managed household tasks,none
145,165,HPLSTTST,0.0,0.0,6.011318226528672e-07,-4.4309650434892767e-07,1,0,0.9852361361103968,ordinal,How long since your last HPV test?,none
146,4,IYEAR,0.0,0.0,0.0,0.0,0,0,0.0,categorical,Interview Year,none
147,6,PVTRESD1,0.0,0.0,0.0,0.0,0,0,0.42526642095940115,binary,Private Residence?,none
148,7,COLGHOUS,0.0,0.0,0.0,0.0,0,0,0.9999142881631954,categorical,Do you live in college housing?,none
149,8,STATERES,0.0,0.0,0.0,0.0,0,0,0.42526642095940115,categorical,Resident of State,none
150,10,LADULT,0.0,0.0,0.0,0.0,0,0,0.9999142881631954,binary,Are you 18 years of age or older?,none
151,15,PVTRESD2,0.0,0.0,0.0,0.0,0,0,0.5747335790405989,binary,Do you live in a private residence?,none
152,16,CCLGHOUS,0.0,0.0,0.0,0.0,0,0,0.9974715008142625,categorical,Do you live in college housing?,none
153,49,NUMPHON2,0.0,0.0,0.0,0.0,0,0,0.9705865546698665,count,Residential Phones,none
154,79,EXERANY2,0.0,0.0,0.0,0.0,0,0,0.08554755578412046,binary,Exercise in Past 30 Days,none
155,117,VIDFCLT2,0.0,0.0,0.0,0.0,0,0,0.9926002114225307,ordinal,Difficulty recognizing friend across street,none
156,118,VIREDIF3,0.0,0.0,0.0,0.0,0,0,0.9926787806062684,ordinal,Difficulty reading typed text,none
157,120,VINOCRE2,0.0,0.0,0.0,0.0,0,0,0.9975572126510671,categorical,Reason did not use eye doc past 12 mos,none
158,121,VIEYEXM2,0.0,0.0,0.0,0.0,0,0,0.9942430216279535,categorical,When last eyexam,none
159,122,VIINSUR2,0.0,0.0,0.0,0.0,0,0,0.9927716350961401,categorical,Eye care health insurance,none
160,123,VICTRCT4,0.0,0.0,0.0,0.0,0,0,0.9926716379532013,categorical,Hlth care pro said now have cataracts,none
161,124,VIGLUMA2,0.0,0.0,0.0,0.0,0,0,0.9926787806062684,binary,Hlth care pro EVER said have glaucoma,none
162,125,VIMACDG2,0.0,0.0,0.0,0.0,0,0,0.9927002085654696,binary,Hlth care pro EVER said have macular degeneration,none
163,129,CDHELP,0.0,0.0,0.0,0.0,0,0,0.9907431216250965,ordinal,When you need help with day-to-day activities are you able to get it,none
164,135,ASTHMAGE,0.0,0.0,0.0,0.0,0,0,0.9977214936716093,count,Age at Asthma Diagnosis,none
165,136,ASATTACK,0.0,0.0,0.0,0.0,0,0,0.9983857604068456,categorical,Asthma During Past 12 Months,none
166,137,ASERVIST,0.0,0.0,0.0,0.0,0,0,0.9992857346932945,count,Emergency Asthma Care During Past 12 Months,none
167,138,ASDRVIST,0.0,0.0,0.0,0.0,0,0,0.9992857346932945,count,Urgent Asthma Treatment During Past 12 Months,none
168,139,ASRCHKUP,0.0,0.0,0.0,0.0,0,0,0.9984071883660467,count,Routine Asthma Care During Past 12 Months,none
169,140,ASACTLIM,0.0,0.0,0.0,0.0,0,0,0.9984857575497843,ordinal,Activities Limited Because of Asthma During Past 12 Months,none
170,141,ASYMPTOM,0.0,0.0,0.0,0.0,0,0,0.9984500442844491,ordinal,Asthma Symptoms During Past 30 Days,none
171,142,ASNOSLEP,0.0,0.0,0.0,0.0,0,0,0.9989357446930087,ordinal,Sleep Difficulty Because of Asthma During Past 30 Days,none
172,143,ASTHMED3,0.0,0.0,0.0,0.0,0,0,0.9984429016313819,count,Days used prescribed preventative asthma med in past 30 days,none
173,144,ASINHALR,0.0,0.0,0.0,0.0,0,0,0.9984214736721808,ordinal,Times used asthma inhaler during an attack in past 30 days,none
174,153,ARTHWGT,0.0,0.0,0.0,0.0,0,0,0.9563512471072255,binary,Dr. Suggest Lose Weight for Arthritis or Joint Symptoms,none
175,154,ARTHEXER,0.0,0.0,0.0,0.0,0,0,0.9566798091483101,binary,Dr. Suggest Use of Physical Activity or Exercise for Arthritis or Joint Symptoms,none
176,155,ARTHEDU,0.0,0.0,0.0,0.0,0,0,0.9563226764949573,binary,Ever Taken Class in Managing Arthritis or Joint Symptoms,none
177,158,HPVADSHT,0.0,0.0,0.0,0.0,0,0,0.9972000799977143,count,How many HPV shots did you receive?,none
178,160,HADMAM,0.0,0.0,0.0,0.0,0,0,0.9479157738350333,categorical,Have You Ever Had a Mammogram,none
179,163,LASTPAP2,0.0,0.0,0.0,0.0,0,0,0.9525656409816863,ordinal,How Long Since Last Pap Test,none
180,166,HADHYST2,0.0,0.0,0.0,0.0,0,0,0.9486657524070741,binary,Had Hysterectomy,none
181,174,PCPSAAD2,0.0,0.0,0.0,0.0,0,0,0.9858361189680295,binary,Has a health professional EVER talked with you about the advantages of the PSA test?,none
182,175,PCPSADI1,0.0,0.0,0.0,0.0,0,0,0.9859575440701694,binary,Has a health professional EVER talked with you about the disadvantages of the PSA test?,none
183,176,PCPSARE1,0.0,0.0,0.0,0.0,0,0,0.9858432616210966,binary,Has a doctor EVER recommended that you have a PSA test?,none
184,177,PSATEST1,0.0,0.0,0.0,0.0,0,0,0.9852432787634638,categorical,Ever Had PSA Test,none
185,179,PCPSARS1,0.0,0.0,0.0,0.0,0,0,0.9921716522385075,categorical,What was the MAIN reason you had this PSA test?,none
186,180,PCPSADE1,0.0,0.0,0.0,0.0,0,0,0.9982286220393704,categorical,Why was PSA test done?,none
187,181,PCDMDECN,0.0,0.0,0.0,0.0,0,0,0.9994928716322391,categorical,Who made the decision with you to have PSA test?,none
188,192,CASTHDX2,0.0,0.0,0.0,0.0,0,0,0.8866889517442359,categorical,Hlth pro ever said child has asthma,none
189,194,EMTSUPRT,0.0,0.0,0.0,0.0,0,0,0.9552584211879661,ordinal,How often get emotional support needed,none
190,195,LSATISFY,0.0,0.0,0.0,0.0,0,0,0.9550441415959544,ordinal,Satisfaction with life,none
191,198,ADSLEEP,0.0,0.0,0.0,0.0,0,0,0.9542584497585783,count,Days had trouble with sleep,none
192,201,ADFAIL,0.0,0.0,0.0,0.0,0,0,0.9542513071055113,count,Days felt like failure or let family down,none
193,204,MISTMNT,0.0,0.0,0.0,0.0,0,0,0.9539798862889631,binary,Receiving medicine or treatment from health pro for emotional problem,none
194,205,ADANXEV,0.0,0.0,0.0,0.0,0,0,0.9541227393503042,binary,Ever told you had an anxiety disorder,none
195,235,DRNKANY5,0.0,0.0,0.0,0.0,0,0,0.04875574983571898,binary,Drink any alcoholic beverages in past 30 days,none
196,246,_MISFRTN,0.0,0.0,0.0,0.0,0,0,0.0,count,The number of missing fruit responses,none
197,247,_MISVEGN,0.0,0.0,0.0,0.0,0,0,0.0,count,The number of missing vegetable responses,none
198,248,_FRTRESP,0.0,0.0,0.0,0.0,0,0,0.0,categorical,Missing any fruit responses,none
199,249,_VEGRESP,0.0,0.0,0.0,0.0,0,0,0.0,categorical,Missing any vegetable responses,none
200,254,_FRT16,0.0,0.0,0.0,0.0,0,0,0.0,binary,Reported consuming Fruit >16 per day,none
201,255,_VEG23,0.0,0.0,0.0,0.0,0,0,0.0,binary,Reported consuming Vegetables >23 per day,none
202,256,_FRUITEX,0.0,0.0,0.0,0.0,0,0,0.09756149824290734,categorical,Fruit Exclusion from analyses,none
203,257,_VEGETEX,0.0,0.0,0.0,0.0,0,0,0.11488243193051627,categorical,Vegetable Exclusion from analyses,none
204,272,PAMISS1_,0.0,0.0,0.0,0.0,0,0,0.13386760378274906,categorical,Missing Physical Activity Data,none
205,193,CASTHNO2,0.0,0.0,-6.651449475092441e-07,-3.21114157877019e-06,1,0,0.985764692437359,binary,Child still have asthma?,none
206,119,VIPRFVS2,0.0,0.0,-4.310696892995125e-06,5.192653824888834e-07,1,0,0.9927002085654696,categorical,Last time visited eye care provider,none
207,282,_PA300R2,0.0,0.0,-4.524670863537139e-06,-2.9978296903580373e-06,1,0,0.12608925459272594,ordinal,300 Minute Physical Activity Calculated Variable,none
208,252,_FRTLT1,0.0,0.0,-4.726156765666456e-06,3.7636501595827987e-07,2,0,0.09756149824290734,binary,Consume Fruit 1 or more times per day,none
209,35,ASTHNOW,0.0,0.0,-6.91667645730254e-06,-7.065235441453914e-06,5,0,0.8700751407102654,binary,Still Have Asthma,none
210,211,_LTASTH1,0.0,0.0,-7.954832024166988e-06,-3.069552932392453e-05,6,1,0.003185623267906631,binary,Lifetime Asthma Calculated Variable,none
211,34,ASTHMA3,0.0,0.0,-1.2983916917582347e-05,7.096896019400297e-06,3,0,0.003185623267906631,categorical,Ever Told Had Asthma,none
212,280,_PAINDX1,0.0,0.0,-1.580982832836512e-05,-2.232832569411721e-06,1,0,0.12037513213908174,binary,Physical Activity Index,none
213,281,_PA150R2,0.0,0.0,-1.6424437459860997e-05,-2.5906625641762084e-06,1,0,0.12037513213908174,ordinal,150 Minute Physical Activity Calculated Variable,none
214,283,_PA30021,0.0,0.0,-1.6426835944087042e-05,-2.8250150613251535e-06,1,0,0.12608925459272594,binary,300 Minute Physical Activity 2-Level Calculated Variable,none
215,197,ADDOWN,0.0,0.0,-1.8251547085901265e-05,6.551302456322035e-06,3,0,0.9541155966972372,count,"Days felt down, depressed or hopeless",none
216,5,CTELENUM,0.0,0.0,-1.833841300448909e-05,-4.564089645257378e-06,1,0,0.42526642095940115,categorical,Correct telephone number?,none
217,196,ADPLEASR,0.0,0.0,-2.5827613762463564e-05,-4.6901491529046284e-06,1,0,0.9551655666980944,count,Days had little pleasure doing things,none
218,264,ACTIN21_,0.0,0.0,-3.231729481693405e-05,-5.29487531542953e-06,1,0,0.3503114196737236,categorical,Estimated Activity Intensity for Second Activity,none
219,98,PREDIAB1,0.0,0.0,-3.5746425282608595e-05,-7.836645947686035e-06,4,0,0.8129982000514271,categorical,Ever been told by a doctor or other health professional that you have pre-diabetes or borderline diabetes?,none
220,113,CRGVPERS,0.0,0.0,-3.76372266901274e-05,-2.4394932117236903e-06,2,0,0.9459158309762579,binary,Managed personal care,none
221,151,RDUCSTRK,0.0,0.0,-4.057030323062483e-05,-1.2112413899645347e-05,2,0,0.9882931916230965,binary,Take Aspirin to Reduce Chance of Stroke,none
222,13,NUMWOMEN,0.0,0.0,-0.0003025353636730288,-2.8668019333340695e-05,4,0,0.42563069626582095,count,Number of Adult women in Household,none
223,274,PAMIN21_,-3.118414124334926e-05,0.0011351152799047247,-2.932610910546159e-05,6.258851664979008e-06,20,0,0.36343961601097113,count,Minutes of Physical Activity per week for Second Activity,none
224,1,FMONTH,-3.1459588424857334e-05,0.0005618274478816453,5.471550067844463e-05,4.9601754387544146e-06,13,1,0.0,categorical,File Month,none
225,67,LASTSMK2,-3.3283673999406904e-05,0.0008402383529624529,0.00010711372297815085,9.832594273777769e-05,19,1,0.7258864032456216,ordinal,Interval Since Last Smoked,none
226,217,_HISPANC,-6.41052877172014e-05,0.00011103361536001391,0.00013946309281056188,1.012970961879652e-05,1,0,0.00897831490528842,binary,"Hispanic, Latino/a, or Spanish origin calculated variable",none
227,253,_VEGLT1,-6.41052877172014e-05,0.00011103361536001391,6.0270016245330314e-05,1.8300781619943567e-06,2,0,0.11488243193051627,binary,Consume Vegetables 1 or more times per day,none
228,36,CHCSCNCR,-6.41052877172014e-05,0.00011103361536001391,2.358914711346009e-05,1.3643714407984842e-06,2,1,0.0026213536756092685,binary,Ever told) you had skin cancer?,none
229,97,PDIABTST,-6.41052877172014e-05,0.00011103361536001391,1.7074592633318602e-05,1.5149429179942922e-05,7,0,0.8209836861803949,binary,Had a test for high blood sugar or diabetes in the past three years?,none
230,56,PREGNANT,-6.41052877172014e-05,0.00011103361536001391,-3.5057833140765085e-06,1.0124142409723147e-05,4,0,0.855789834576155,binary,Pregnancy Status,none
231,294,_AIDTST3,-6.41052877172014e-05,0.00011103361536001391,-1.078668658667977e-05,-6.239445472261407e-06,2,0,0.12883203337047514,binary,Ever been tested for HIV calculated variable,none
232,159,SHINGLE2,-6.41052877172014e-05,0.00011103361536001391,-3.0254132981762567e-05,7.304116827283602e-06,2,1,0.9371089397445788,binary,Have you ever had the shingles or zoster vaccine?,none
233,241,FRUTDA1_,-6.421598111601885e-05,0.00029378557052448244,9.114176898217252e-05,-1.8071750412333258e-06,22,0,0.08182623353618468,count,Computed Fruit intake in times per day,none
234,152,ARTTODAY,-9.409127262538508e-05,0.0,-0.00012557674592108178,-2.2232504628960648e-06,8,2,0.9563155338418903,categorical,What Can You Do Because of Arthritis or Joint Symptoms,none
235,69,ALCDAY5,-9.845488589288465e-05,0.0009174892872695358,-6.084564711950069e-05,1.3472801934542403e-05,7,0,0.04875574983571898,count,Days in past 30 had alcoholic beverage,none
236,189,TRNSGNDR,-0.0001282105754344028,0.00011103361536001393,3.553849610996954e-05,5.383497840553512e-06,3,0,0.6282391931659096,categorical,Do you consider yourself to be transgender?,none
237,130,CDSOCIAL,-0.0001282105754344028,0.00011103361536001393,9.185877344497495e-06,-2.333316033840497e-06,2,0,0.9710508271192252,ordinal,Does confusion or memory loss interfere with work or social activities,none
238,191,RCSRLTN2,-0.00012956598416922574,0.0008667571491287365,-7.791845498245076e-05,1.4696109385481382e-05,5,2,0.8697537213222479,categorical,Relationship to child,none
239,63,DIFFALON,-0.0001908680603720514,0.0004394721593498531,7.837150024242456e-05,-5.101873258102814e-06,6,0,0.03444901574240736,binary,Difficulty Doing Errands Alone,none
240,30,BLOODCHO,-0.0001923158631516042,0.0,0.00012158442630137249,1.952610360164697e-05,4,0,0.02132081940515985,categorical,Ever Had Blood Cholesterol Checked,none
241,127,CDHOUSE,-0.0001923158631516042,0.0,2.197820179287528e-05,-9.977387853169853e-06,3,0,0.9710579697722922,ordinal,Given up day-to-day chores due to confusion or memory loss,none
242,62,DIFFDRES,-0.0001923158631516042,0.0,5.729540232424224e-06,3.3681093126458617e-06,3,0,0.031349104311305394,binary,Difficulty Dressing or Bathing,none
243,111,CRGVHRS1,-0.0001923158631516042,0.0,-3.094216509976396e-06,-2.115594955727033e-05,5,0,0.9487086083254764,ordinal,How Many Hours Do You Provide Care For Person?,none
244,149,RLIVPAIN,-0.0001923158631516042,0.0,-3.502837251858256e-05,-9.176771129946562e-06,2,0,0.9874217879489158,binary,Take Aspirin to Relieve Pain,none
245,202,ADTHINK,-0.0001923158631516042,0.0,-4.234053503162268e-05,-4.537163275401361e-06,1,0,0.9542227364932431,count,Days had trouble concentrating,none
246,101,FEETCHK2,-0.0001923158631516042,0.0,-5.497629109159815e-05,-1.872641564644913e-05,3,0,0.9346590097425788,ordinal,How Often Check Feet for Sores or Irritations,none
247,100,BLDSUGAR,-0.0001923158631516042,0.0,-0.00010693158100305578,-2.847806193016315e-05,6,0,0.9338876032113368,ordinal,How Often Check Blood for Glucose,none
248,183,SCNTMEL1,-0.00019237124568958577,0.0001923989429368297,-1.4625442446070114e-05,1.0532529432847696e-05,12,5,0.8349618582326219,ordinal,Times Past 12 Months Worried/Stressed About Having Enough Money To Buy Nutritious Meals?,none
249,45,MARITAL,-0.00020123132126587118,0.002611171682171332,0.0009664535334900637,0.00023984370004746328,45,12,0.006799805719836576,categorical,Marital Status,none
250,24,HLTHPLN1,-0.00022216303641196347,0.0008897919912277732,-3.218071091604102e-06,6.8516237951473285e-06,5,0,0.004157024085026142,binary,Have any health care coverage,none
251,228,_BMI5CAT,-0.0002235542796866219,0.00038720737066669215,-6.9658878514844425e-06,9.498861407127487e-06,5,0,0.08221193680180566,categorical,Computed body mass index categories,none
252,106,DIABEYE,-0.0002235542796866219,0.0003872073706666921,-0.0003908038832992067,-3.474411755886401e-05,13,0,0.9334804719865146,binary,Ever Told Diabetes Has Affected Eyes,none
253,89,ARTHSOCL,-0.00022363799573423457,0.00019986242098593064,-4.780559537381768e-05,-2.417973343253147e-06,6,0,0.6951301391388818,ordinal,Social Activities Limited Because of Joint Symptoms,none
254,226,WTKG3,-0.00022478391293562217,0.0010263210956500172,-4.489811627702197e-05,-2.9006015535700442e-05,54,2,0.06971943658752607,continuous,Computed Weight in Kilograms,none
255,22,MENTHLTH,-0.00025635219102254636,0.000769504324979273,-9.46443088031453e-05,-4.227471061250358e-06,27,1,0.016578097768635183,count,Number of Days Mental Health Not Good,none
256,150,RDUCHART,-0.00025647653340678717,0.00011112954072965013,-3.4505734866148906e-05,-3.257858583174955e-05,10,4,0.9877360646838662,binary,Take Aspirin to Reduce Chance of Heart Attack,possible
257,199,ADENERGY,-0.00025647653340678717,0.00011112954072965013,-0.0002635163841757289,-3.909361583972112e-05,10,4,0.9545727264935288,count,Days were tired or had little energy,none
258,284,_PASTRNG,-0.00025653191594476876,0.00022216315608966406,0.00010460732165205415,2.3285922070089466e-05,3,0,0.0985257564069598,binary,Muscle Strengthening Recommendation,none
259,85,EXERHMM2,-0.0002568090442859143,0.0004844360886668989,-9.21603262620067e-05,3.3042354966076694e-05,12,2,0.5634624725007857,count,"Minutes or Hours Walking, Running, Jogging, or Swimming",none
260,224,_AGE_G,-0.00026238817411083915,0.0015995422839845768,0.003500484196019208,0.0008610826885224188,28,9,0.0,ordinal,Imputed age in six groups,none
261,259,METVL11_,-0.00028994168966687644,0.0007519572260747016,-4.709290908670264e-05,-1.5948756243842437e-05,22,4,0.33239050312848206,continuous,Activity MET Value for First Activity,none
262,240,FTJUDA1_,-0.0003172752325211377,0.0017249823991468962,-8.150918825890659e-05,1.1746503408543996e-05,30,4,0.08611182537641782,count,Computed Fruit Juice intake in times per day,none
263,53,CHILDREN,-0.00031892631744847205,0.0003365331232536691,2.5725485578054208e-05,-1.5332136088018016e-05,3,0,0.007928344904431303,count,Number of Children in Household,none
264,128,CDASSIST,-0.0003206372036619702,0.00011112954072965013,2.9841854079448726e-05,-4.259577064587757e-06,5,0,0.9704151309962572,ordinal,Need assistance with day-to_day activities due to confusion or memory loss,none
265,23,POORHLTH,-0.00034979452604953315,0.0012854632092529,2.641065952857513e-05,-2.623467137397954e-05,39,2,0.49920716550955685,count,Poor Physical or Mental Health,none
266,245,VEGEDA1_,-0.0003504004103610329,0.0003998644054879001,-0.00022800309500314864,-2.1310213160356344e-05,33,0,0.09318305191280249,count,Computed Other Vegetable intake in times per day,none
267,74,FRUIT1,-0.0003850196913974628,0.00038513064804635765,-2.8160399690520716e-05,-9.019575398718413e-06,27,0,0.08182623353618468,count,How many times did you eat fruit?,none
268,39,HAVARTH3,-0.000423268123272702,0.00020166134852218906,-0.000158978955481374,-5.375101825471259e-05,7,3,0.005728407759778292,binary,Told Have Arthritis,none
269,12,NUMMEN,-0.00044716390573353487,0.0004324344471190052,-5.2650289943205015e-06,1.616898501926219e-05,7,1,0.42563069626582095,count,Number of Adult men in Household,none
270,188,SXORIENT,-0.0004802238651484177,0.0005343659034830459,6.979960511873291e-05,5.912009628581775e-06,5,0,0.6332533356189823,categorical,Sexual orientation or gender identity,none
271,293,_PNEUMO2,-0.0004883530450329002,0.001621108913204377,-3.712246945406875e-05,4.101983465600497e-05,8,0,0.6961229679152025,binary,Pneumonia Vaccination Calculated Variable,none
272,103,CHKHEMO3,-0.0005132301231055384,0.00011122559046231501,8.94489108355101e-05,1.454848007287346e-06,4,2,0.9372517928059199,ordinal,Times Checked for Glycosylated Hemoglobin,none
273,87,LMTJOIN3,-0.0005133411037088568,0.0002942572094109249,-4.5364137103616935e-06,1.6278868304001974e-06,5,0,0.6953944173023628,binary,Limited Because of Joint Symptoms,none
274,251,_VEGESUM,-0.0006063246566676006,0.0005271300139330422,8.42562602036782e-05,3.189532074939402e-05,37,2,0.11488243193051627,continuous,Total vegetables consumed per day,none
275,93,IMFVPLAC,-0.0006703879270047822,0.00047793466712504055,0.00016987300551011644,4.1366820978309495e-05,15,0,0.5698122910773978,categorical,Where did you get your last flu shot/vaccine?,none
276,86,STRENGTH,-0.0006707181854201568,0.00019243930058431976,-6.843917218385398e-05,1.7435901325468794e-05,16,1,0.0985257564069598,count,How many times did you do physical activities or exercises to STRENGTHEN your muscles?,none
277,50,CPDEMO1,-0.0007037227267826703,0.0002761970244797522,-0.00013764612584638014,-3.619757439676796e-05,14,1,0.428094911573955,binary,Do you have a cell phone for personal use?,none
278,90,JOINPAIN,-0.0007059760087832675,0.000817169014390231,0.0006735152228796171,5.724603560963715e-05,37,3,0.7038798891460244,count,How Bad Was Joint Pain,none
279,244,ORNGDAY_,-0.0007346862667769923,0.0006379288985565031,-0.00018482076822886237,-4.751442659074271e-05,35,1,0.08831890517413789,count,Computed Orange-Colored Vegetable intake in times per day,none
280,65,SMOKDAY2,-0.0008373367037529481,0.0011614074304123834,-5.95988141295171e-05,-2.6977255076896894e-05,17,1,0.5837618925173567,ordinal,Frequency of Days Now Smoking,none
281,231,_EDUCAG,-0.0008704762721754208,0.0005375927358476675,-0.00017319008563754235,-2.3892882450203084e-05,14,0,0.00394988714608154,ordinal,Computed level of education completed categories,none
282,214,_DRDXAR1,-0.0009968225402600301,0.00047546048658196757,-3.667980061008066e-05,-3.0444490138152127e-06,10,0,0.005728407759778292,binary,Respondents diagnosed with arthritis,none
283,287,_LMTACT1,-0.0010250923720513394,0.0005628473413603163,-0.0005761240352847677,-8.075243879613707e-05,14,0,0.03469900859975429,ordinal,Limited usual activities,none
284,227,_BMI5,-0.001060498089750006,0.0008199599141388955,0.0003456801420955724,-3.181983714731218e-05,65,4,0.08221193680180566,continuous,Computed body mass index,none
285,222,_AGE65YR,-0.0010635265392298643,0.0006005098467735481,-3.340875925518979e-05,5.695771216655358e-06,3,2,0.011649667152367075,binary,Reported age in two age groups calculated variable,none
286,92,FLUSHOT6,-0.001184499308615583,0.00022278605198889598,-0.00019785586253373566,-2.4424286588646076e-05,11,0,0.09947572926487815,categorical,Adult flu shot/spray past 12 mos,none
287,14,CADULT,-0.0012789048705837969,0.0009095705532128001,0.00020349728597809,-9.56011924192294e-06,10,2,0.5747335790405989,binary,Are you 18 years of age or older?,none
288,186,SCNTLPAD,-0.0018211222764930406,0.00043954468795837586,0.00015737885547502847,1.5870828722998793e-05,8,0,0.9443230193423046,categorical,How Were You Generally Paid For The Work You Did,none
289,51,VETERAN3,-0.0018443249454874928,0.0018069928527836858,0.0006339121273348977,9.587073927793306e-05,10,0,0.001792805919830862,binary,Are You A Veteran,none
290,42,DIABETE3,-0.001908605368072284,0.0007188268314256908,-0.0007608631402116391,1.523687990094095e-05,36,1,0.0012713922459358304,categorical,Ever told) you have diabetes,none
291,58,USEEQUIP,-0.001930717234189953,0.00019390303351460495,0.0002765775236776384,3.6970388099882845e-05,6,0,0.02566355246992943,binary,Health Problems Requiring Special Equipment,none
292,182,SCNTMNY1,-0.0020174290346515558,0.0009435824877436295,-7.3635270933514185e-06,8.668303880771111e-06,13,1,0.8435401845661552,ordinal,Times Past 12 Months Worried/Stressed About Having Enough Money To Pay Your Rent/Mortgage?,none
293,187,SCNTLWK1,-0.0026843632397651938,0.0008553386734269538,0.0001965273073723887,-2.2974250716299254e-05,15,4,0.9201737093225908,count,How Many Hours Per Week Did You Work,none
294,262,FC60_,-0.0037979169886485273,0.0024071439877227934,0.002179726431802975,0.000661097621418962,66,6,0.0,continuous,Estimated Functional Capacity,none
295,261,MAXVO2_,-0.004987036952163053,0.002244674637807021,0.006263615835409815,0.001966319121481902,110,13,0.0,continuous,Estimated Age-Gender Specific Maximum Oxygen Consumption,none
